Hour_End,COAST,EAST,FAR_WEST,NORTH,NORTH_C,SOUTHERN,SOUTH_C,WEST,ERCOT
1/1/2010 1:00,7775.679969,1238.21679,1237.781607,950.698047,12406.20808,2467.652377,5032.076127,1059.772842,32168.08584
1/1/2010 2:00,7705.229425,1236.117172,1249.074216,957.669059,12486.4827,2436.156108,5111.741458,1064.674312,32247.14445
1/1/2010 3:00,7651.331856,1244.196621,1251.422583,954.242852,12560.70695,2414.677921,5169.401604,1072.058494,32318.03889
1/1/2010 4:00,7665.580956,1253.027662,1260.323154,970.199087,12669.99009,2383.598902,5241.121725,1086.679817,32530.52139
1/1/2010 5:00,7745.084056,1284.075739,1264.761563,982.339683,12912.47284,2498.21938,5401.540253,1111.873195,33200.36671
1/1/2010 6:00,7980.019415,1336.762389,1281.005776,1015.0304,13360.23302,2596.793369,5659.305877,1159.156244,34388.30649
1/1/2010 7:00,8204.297441,1371.12377,1271.541499,1032.668142,13879.13947,2753.721545,5889.280824,1201.702902,35603.47559
1/1/2010 8:00,8322.200218,1415.585115,1276.726034,1042.312155,13991.99655,2800.921254,6014.947607,1234.062257,36098.75119
1/1/2010 9:00,8445.198912,1457.940277,1297.170255,1065.520914,13787.87997,2863.681529,6005.073466,1244.384074,36166.8494
1/1/2010 10:00,8683.418337,1426.092281,1279.506871,1051.660736,13270.82818,3031.150288,5901.151965,1202.110238,35845.91889
1/1/2010 11:00,8783.175676,1373.395464,1257.103137,998.021838,12704.73839,2981.905135,5740.3845,1144.406808,34983.13094
1/1/2010 12:00,8809.56761,1272.033452,1223.757982,951.802397,12049.74512,2785.319509,5492.868324,1069.251223,33654.34561
1/1/2010 13:00,8652.838559,1197.966642,1196.082432,905.249497,11308.06478,2645.942,5217.484246,994.679321,32118.30748
1/1/2010 14:00,8445.762381,1134.266558,1153.558,861.409808,10652.15328,2450.272758,4932.885347,933.466074,30563.77421
1/1/2010 15:00,8221.890172,1096.2818,1128.396038,830.993785,10017.15206,2345.64602,4724.640392,901.348963,29266.34923
1/1/2010 16:00,8055.708028,1051.462716,1096.727543,796.457141,9649.818911,2294.791015,4603.369666,882.840503,28431.17552
1/1/2010 17:00,8155.347016,1379.085881,1090.446636,783.437258,9574.447306,2322.685185,4621.150402,869.314025,28795.91371
1/1/2010 18:00,8619.368125,1471.679283,1113.383625,856.461724,10531.8704,2438.904044,4976.188121,921.654292,30929.50962
1/1/2010 19:00,9137.42746,1291.762781,1184.717353,931.814061,11899.42245,2790.087358,5659.549652,1031.820452,33926.60156
1/1/2010 20:00,9258.291327,1321.422321,1226.440312,948.018054,12132.44582,2934.365204,5850.873896,1070.081991,34741.93892
1/1/2010 21:00,9204.66938,1369.5004,1242.543184,975.676569,12328.82806,3048.717709,5973.331053,1079.691638,35222.95799
1/1/2010 22:00,9049.71125,1403.912021,1266.095285,976.629224,12396.55419,3088.044938,6006.470263,1101.653413,35289.07059
1/1/2010 23:00,8817.533836,1384.282392,1266.808829,950.020518,12191.44267,3057.928059,5910.98948,1106.987131,34685.99291
1/2/2010 0:00,8518.311315,1358.282467,1262.106137,927.84968,11974.51904,2904.674337,5767.324874,1081.209348,33794.27719
1/2/2010 1:00,8281.820804,1301.434272,1224.560662,941.068879,11912.28722,2706.035593,5644.953675,1070.73628,33082.89739
1/2/2010 2:00,8128.597204,1309.624494,1213.970355,925.696239,11813.07934,2649.205458,5626.473168,1070.08185,32736.72811
1/2/2010 3:00,8047.905543,1325.335329,1218.077777,933.883612,11859.66878,2626.860677,5667.862515,1089.122989,32768.71722
1/2/2010 4:00,8096.99713,1316.042013,1229.959858,946.775469,12108.11173,2604.198276,5750.468968,1107.970675,33160.52412
1/2/2010 5:00,8217.42635,1350.509127,1237.036768,970.27601,12326.99788,2731.904558,5909.521427,1139.575019,33883.24714
1/2/2010 6:00,8465.984373,1424.736887,1266.283525,1008.94601,12917.72148,2855.99271,6174.605761,1198.379172,35312.64992
1/2/2010 7:00,8751.911991,1502.001787,1260.052676,1042.767067,13524.95372,3011.309595,6484.68039,1236.192889,36813.87012
1/2/2010 8:00,9158.677939,1538.647229,1285.182698,1060.815563,13949.39693,3050.972822,6709.156747,1285.438073,38038.288
1/2/2010 9:00,9386.41026,1543.064724,1295.933443,1074.537991,14007.4317,3085.475455,6796.149976,1329.734107,38518.73765
1/2/2010 10:00,9500.406269,1489.253705,1276.353173,1077.22635,13483.4099,3013.774283,6645.865263,1294.217052,37780.506
1/2/2010 11:00,9285.739664,1415.828668,1259.212057,1046.25853,12882.31632,2850.435764,6197.021733,1230.311633,36167.12437
1/2/2010 12:00,9086.459831,1302.405647,1215.175237,988.951771,12036.04195,2637.168698,5799.402504,1137.382491,34202.98813
1/2/2010 13:00,8748.799486,1192.613716,1180.004212,950.420622,11175.90191,2548.997383,5385.985067,1055.731222,32238.45362
1/2/2010 14:00,8525.767313,1137.05371,1139.172219,904.139035,10413.81856,2371.977107,5117.384498,977.081453,30586.3939
1/2/2010 15:00,8379.83625,1168.289149,1110.779501,868.779375,9875.993489,2263.002251,4874.947192,938.87089,29480.4981
1/2/2010 16:00,8275.109755,1046.593791,1091.306922,845.490771,9654.233665,2220.910996,4794.061185,925.285417,28852.9925
1/2/2010 17:00,8419.47466,1543.266293,1094.611908,855.079025,9762.361986,2243.560349,4857.318961,918.009354,29693.68254
1/2/2010 18:00,9049.71952,1602.025871,1124.19518,921.910081,10799.72764,2354.045395,5280.896798,986.14573,32118.66622
1/2/2010 19:00,9619.998749,1333.333795,1179.64967,992.784126,12008.29496,2630.194805,5888.430272,1081.326275,34734.01265
1/2/2010 20:00,9613.504146,1590.491982,1222.534756,1007.834576,12244.0979,2733.518817,6004.918185,1114.896643,35531.79701
1/2/2010 21:00,9590.482419,1698.225323,1238.399645,1028.789054,12377.29132,2739.232676,6034.928272,1119.187019,35826.53573
1/2/2010 22:00,9452.510533,1739.797071,1231.867603,1004.363409,12284.81634,2680.471194,5923.084785,1115.204537,35432.11547
1/2/2010 23:00,9078.829291,1642.10897,1211.912121,988.676424,11875.36538,2600.388366,5711.756953,1105.429139,34214.46664
1/3/2010 0:00,8665.138952,1588.964459,1188.872043,956.588388,11524.72386,2463.114686,5413.919642,1073.064592,32874.38662
1/3/2010 1:00,8017.480914,1260.476279,1231.730924,945.53221,11436.47413,2340.165764,5147.518604,1072.302286,31451.68111
1/3/2010 2:00,7840.298766,1244.360284,1228.974883,947.523747,11256.08615,2236.547374,4931.273051,1061.180744,30746.245
1/3/2010 3:00,7676.505199,1342.438434,1223.102885,941.425373,11176.37379,2217.278488,4791.670968,1050.177916,30418.97306
1/3/2010 4:00,7635.082283,1262.569359,1236.751773,948.943733,11239.95253,2189.614116,4732.016176,1055.672179,30300.60215
1/3/2010 5:00,7651.648315,1285.928969,1245.551326,944.697694,11443.12067,2236.449678,4724.294207,1053.48726,30585.17812
1/3/2010 6:00,7837.372012,1348.7203,1255.987361,968.762578,11813.88261,2329.271216,4862.566121,1078.393313,31494.95551
1/3/2010 7:00,8090.501002,1403.868823,1258.867314,959.03516,12239.08979,2393.42012,5062.864499,1117.964987,32525.61169
1/3/2010 8:00,8359.6099,1459.002599,1271.468917,965.584841,12597.19805,2479.71218,5258.243732,1154.310821,33545.13104
1/3/2010 9:00,8474.899238,1519.580388,1313.288387,1044.418561,13000.58783,2548.14776,5476.154614,1216.241367,34593.31814
1/3/2010 10:00,8846.187113,1489.898216,1312.1517,1098.358466,13120.84895,2655.436758,5654.380676,1222.492964,35399.75485
1/3/2010 11:00,9014.256504,1427.400617,1301.903531,1069.383392,13127.6073,2639.9323,5732.004218,1206.872561,35519.36042
1/3/2010 12:00,9135.217312,1330.961303,1264.749145,1052.52552,12923.17492,2508.209166,5733.018773,1168.588747,35116.44488
1/3/2010 13:00,8998.515866,1296.184362,1248.757928,1062.793046,12694.19015,2491.012078,5680.738362,1128.214147,34600.40594
1/3/2010 14:00,8849.264771,1374.003396,1223.159949,1040.508786,12271.95306,2406.70672,5573.449015,1099.064033,33838.10973
1/3/2010 15:00,8677.95357,1321.723924,1211.631339,1033.793023,12104.34787,2383.044766,5496.517629,1076.972725,33305.98484
1/3/2010 16:00,8705.27022,1247.137605,1187.138469,1018.502341,12084.29066,2409.871766,5454.53092,1054.753958,33161.49594
1/3/2010 17:00,8897.101173,1582.717117,1181.620742,1024.225475,12313.17484,2485.559214,5515.321986,1051.122748,34050.8433
1/3/2010 18:00,9418.516927,1555.27245,1197.03388,1087.738394,13157.40896,2617.85802,5857.865365,1099.317863,35991.01186
1/3/2010 19:00,9759.402834,1372.298438,1268.892132,1127.612649,14068.27829,2857.673372,6287.312378,1194.246799,37935.71689
1/3/2010 20:00,9865.265293,1391.945533,1307.987093,1119.447117,14238.73106,2921.392499,6394.443592,1206.368843,38445.58103
1/3/2010 21:00,9675.731338,1414.748724,1330.352107,1114.94884,14218.78015,2938.434013,6265.465616,1196.256808,38154.71759
1/3/2010 22:00,9435.512926,1392.011558,1323.680102,1089.616812,13869.27157,2836.931553,6042.207388,1185.396861,37174.62877
1/3/2010 23:00,8847.408866,1334.105851,1315.443314,1045.929311,13367.63627,2662.795467,5649.426708,1179.538946,35402.28474
1/4/2010 0:00,8467.118058,1273.418543,1295.762159,1013.564848,12717.94956,2366.860951,5297.447267,1127.406239,33559.52763
1/4/2010 1:00,8134.25328,1230.083839,1257.966962,978.935066,12302.32992,2357.674969,5077.975818,1079.519547,32418.7394
1/4/2010 2:00,7941.721911,1217.292792,1256.040324,991.281273,12265.17289,2242.90539,5048.306377,1081.309821,32044.03078
1/4/2010 3:00,7795.204843,1220.168695,1266.235286,992.567858,12436.23605,2207.515702,5080.121245,1097.89142,32095.9411
1/4/2010 4:00,7843.143485,1266.114,1273.797683,1009.966406,12757.72191,2170.097643,5217.630369,1116.47629,32654.94779
1/4/2010 5:00,8229.813667,1332.750264,1292.842089,1024.477742,13280.42869,2287.216013,5547.081158,1144.231274,34138.84089
1/4/2010 6:00,8886.771288,1451.392885,1356.417648,1088.771958,14541.83979,2557.773194,6150.492936,1239.663749,37273.12345
1/4/2010 7:00,9801.074556,1633.136182,1423.955725,1200.037467,16283.66892,2895.711331,7072.650592,1349.895947,41660.13072
1/4/2010 8:00,10289.62208,1673.474316,1472.453086,1208.236231,17203.5997,2927.170399,7420.241757,1418.818981,43613.61655
1/4/2010 9:00,10407.6417,1615.350442,1446.680373,1215.900905,16870.35971,2943.050861,7274.820124,1406.624331,43180.42844
1/4/2010 10:00,10818.21105,1635.41913,1421.757671,1198.091859,16458.47411,2962.240304,7068.519317,1377.345928,42940.05937
1/4/2010 11:00,10810.60718,1663.813762,1409.857501,1187.805107,16229.00819,2922.244592,6895.927576,1362.32412,42481.58802
1/4/2010 12:00,10759.31352,1602.283228,1368.417032,1147.308241,15608.35385,2848.441663,6606.389035,1284.797134,41225.3037
1/4/2010 13:00,10721.38933,1581.983756,1319.879724,1095.073359,14731.64299,2812.180537,6334.403857,1206.194567,39802.74812
1/4/2010 14:00,10575.02734,1546.066436,1276.566737,1058.735579,14130.75034,2619.7485,6057.364621,1131.833377,38396.09293
1/4/2010 15:00,10272.58774,1700.03087,1219.067056,1022.549306,13597.25805,2608.642469,5811.682861,1101.005953,37332.82431
1/4/2010 16:00,10194.82026,1688.728342,1183.391655,1017.893222,13273.56559,2502.280016,5717.024194,1090.261823,36667.9651
1/4/2010 17:00,10171.52057,2044.399545,1203.41359,1037.334501,13407.32253,2574.500265,5756.37449,1095.28428,37290.14978
1/4/2010 18:00,10763.38672,1980.749867,1236.608725,1123.697634,14798.53972,2699.638553,6268.435719,1167.1742,40038.23113
1/4/2010 19:00,11579.85268,1808.661758,1329.22575,1199.30149,16318.31608,3136.58252,7080.280792,1303.920293,43756.14136
1/4/2010 20:00,11620.21447,1773.631863,1377.510957,1194.799695,16615.12109,3296.607085,7284.943802,1346.465622,44509.29458
1/4/2010 21:00,11296.87262,1761.106449,1409.407401,1203.385604,16819.81647,3395.972126,7332.090053,1368.357696,44587.00842
1/4/2010 22:00,10930.46493,1756.801252,1399.956179,1174.579247,16391.19161,3341.153032,7198.330065,1389.38387,43581.86019
1/4/2010 23:00,10379.42972,1701.938243,1345.78671,1128.139968,15484.19645,3197.165992,6798.410988,1331.848136,41366.91621
1/5/2010 0:00,9901.328625,1794.445108,1278.396467,1060.477368,14701.60467,2967.205516,6430.75396,1272.577521,39406.78924
1/5/2010 1:00,9472.294284,1733.319139,1277.490174,1066.502896,14319.52067,2871.707456,6242.650441,1235.303547,38218.78861
1/5/2010 2:00,9344.252833,1557.346816,1274.736407,1064.795637,14210.39589,2797.69723,6276.242931,1247.270466,37772.73821
1/5/2010 3:00,9284.59238,1793.394106,1288.748694,1072.930861,14419.05425,2778.3292,6354.957072,1268.758863,38260.76542
1/5/2010 4:00,9404.25099,1796.610678,1301.568656,1089.181364,14806.9059,2767.603932,6484.622541,1293.447698,38944.19176
1/5/2010 5:00,9810.290072,1693.093531,1308.971906,1103.301099,15273.2448,2929.100749,6791.568852,1331.127363,40240.69837
1/5/2010 6:00,10624.14283,1785.606057,1366.568566,1176.117684,16376.97071,3191.59214,7418.485019,1409.328579,43348.81159
1/5/2010 7:00,11721.77251,2172.104392,1409.777139,1299.517256,18088.42754,3556.424325,8316.182921,1513.400719,48077.6068
1/5/2010 8:00,12048.38293,2097.041599,1443.634845,1299.601683,18748.6842,3587.77044,8502.504245,1573.864005,49301.48395
1/5/2010 9:00,11930.48479,1878.152391,1396.579331,1364.893842,17737.44908,3441.755635,8073.485634,1492.580066,47315.38077
1/5/2010 10:00,11842.01019,2108.423676,1353.718158,1301.954722,16624.90642,3307.547787,7565.942326,1385.113999,45489.61728
1/5/2010 11:00,11578.45629,2051.45394,1324.738504,1142.112622,15805.38735,3197.386294,7162.644767,1307.404895,43569.58467
1/5/2010 12:00,11434.28204,1967.347802,1278.324604,1085.489226,14777.01791,3050.207453,6721.704673,1222.558191,41536.9319
1/5/2010 13:00,11014.49728,1618.838312,1241.113517,1043.763029,14074.44015,2944.024575,6322.217184,1132.789894,39391.68395
1/5/2010 14:00,10794.50159,1522.864509,1198.729267,1005.282001,13297.70101,2793.366681,5979.482038,1048.393199,37640.32029
1/5/2010 15:00,10319.33451,1529.802037,1163.732447,983.106795,12798.16501,2712.804573,5709.467893,1036.464224,36252.87749
1/5/2010 16:00,10226.24582,1966.089707,1133.06234,1089.608836,12380.72153,2650.965633,5590.29039,1017.554115,36054.53837
1/5/2010 17:00,10309.04909,1620.035172,1138.854627,1100.676636,12529.1426,2652.262843,5681.146245,1032.87054,36064.03775
1/5/2010 18:00,11042.02526,1675.090569,1179.013022,1046.319694,13777.90875,2844.311514,6159.346633,1102.469495,38826.48494
1/5/2010 19:00,11851.83316,1832.950244,1267.193822,1139.852943,15377.24361,3183.802467,6980.525946,1235.500325,42868.90252
1/5/2010 20:00,11928.85197,1783.586016,1326.394423,1152.016964,15812.60496,3343.37573,7223.779029,1268.736138,43839.34523
1/5/2010 21:00,11669.0567,1843.907755,1356.547716,1181.988425,16062.37577,3404.754512,7286.25036,1281.380109,44086.26134
1/5/2010 22:00,11425.10151,1851.86267,1321.090512,1148.495632,15519.93074,3272.353483,7099.16573,1258.383324,42896.3836
1/5/2010 23:00,10806.75853,1712.686583,1287.094001,1238.417691,14664.06106,3114.031717,6687.11951,1220.54284,40730.71193
1/6/2010 0:00,10271.73471,1547.688382,1221.754735,1176.17463,13870.20279,2839.70766,6237.348852,1157.392196,38322.00396
1/6/2010 1:00,9265.355169,1734.43765,1273.200198,1200.366303,13812.32346,2646.494442,5987.022828,1150.846422,37070.04647
1/6/2010 2:00,9082.120069,1747.712215,1267.936239,1205.270896,13708.64671,2542.278076,5849.123712,1152.00744,36555.09536
1/6/2010 3:00,9087.996529,1766.895942,1275.636934,1211.202532,13698.11222,2507.73303,5765.090502,1158.12383,36470.79152
1/6/2010 4:00,9124.068205,1749.700448,1293.371263,1080.125604,13933.44956,2457.199067,5746.958623,1170.180429,36555.0532
1/6/2010 5:00,9443.845848,1836.612742,1300.164948,1092.400593,14174.87246,2512.414754,5871.56383,1192.590001,37424.46517
1/6/2010 6:00,10078.86982,1930.953939,1349.043206,1144.558927,14965.26816,2713.240341,6320.622258,1254.977266,39757.53392
1/6/2010 7:00,10973.52974,2250.798066,1408.82424,1257.411962,16473.54815,2953.649632,7077.568616,1351.204366,43746.53476
1/6/2010 8:00,11092.4651,2309.100118,1415.837446,1239.550731,17119.70471,3008.15799,7207.147229,1386.54498,44778.50831
1/6/2010 9:00,10881.64144,2453.504624,1363.776883,1215.818039,16326.10425,2966.396532,6836.719796,1335.545462,43379.50703
1/6/2010 10:00,10827.28763,2463.002092,1347.312842,1185.318505,15932.76138,2830.524501,6682.075038,1289.423117,42557.70511
1/6/2010 11:00,10885.13545,2372.569363,1327.090357,1148.782922,15517.32648,2760.701278,6536.281941,1258.087506,41805.9753
1/6/2010 12:00,10620.52541,2329.990971,1301.292087,1121.050774,15209.25137,2722.441524,6415.090705,1223.901802,40943.54464
1/6/2010 13:00,10269.47308,2276.890969,1278.12169,1098.310745,14826.00987,2726.084145,6300.012305,1187.995212,39962.89802
1/6/2010 14:00,10202.29965,2232.666403,1253.52868,1074.144239,14331.099,2672.178055,6193.994827,1131.476741,39091.3876
1/6/2010 15:00,9979.698747,2162.140654,1209.169498,1040.080726,13964.6521,2615.53727,6108.980806,1089.679275,38169.93908
1/6/2010 16:00,10071.76284,2165.292587,1193.41296,1019.995524,13639.86773,2588.716381,6095.65849,1072.814843,37847.52135
1/6/2010 17:00,10188.15305,2220.83814,1186.620343,1023.196396,13791.56457,2603.941209,6202.061824,1089.495292,38305.87082
1/6/2010 18:00,10549.2473,2279.952587,1205.260347,1069.786073,14415.37297,2720.399185,6511.698797,1134.953451,39886.67071
1/6/2010 19:00,10837.72286,2330.442807,1259.308984,1125.194866,14828.58715,2903.42781,6801.367505,1216.320725,41302.37271
1/6/2010 20:00,10632.48256,2303.697747,1287.935174,1114.293011,14596.87493,2949.634095,6742.448272,1210.231594,40837.59738
1/6/2010 21:00,10366.21613,2223.188616,1296.189619,1111.315331,14310.44948,2886.075393,6570.992051,1207.735909,39972.16253
1/6/2010 22:00,9869.938022,2171.233795,1277.194588,1224.019701,13726.90396,2780.391618,6234.283492,1180.863826,38464.829
1/6/2010 23:00,9110.844014,1647.719075,1255.292807,1173.960798,12791.43482,2637.830626,5718.547498,1134.680733,35470.31037
1/7/2010 0:00,8423.305585,1536.887541,1218.986704,1127.713205,11735.87826,2360.234289,5186.053716,1076.655677,32665.71497
1/7/2010 1:00,7877.099365,1780.707524,1169.978673,1099.823742,11562.8587,2114.738212,4838.424314,1060.041014,31503.67154
1/7/2010 2:00,7619.701575,1865.231375,1173.460037,1118.895314,11691.10724,2098.694947,4681.212747,1070.109952,31318.41318
1/7/2010 3:00,7471.799001,1855.196969,1195.04756,1141.347895,12142.22385,2151.083746,4608.398877,1097.821954,31662.91985
1/7/2010 4:00,7565.770796,1883.364786,1236.619896,1170.776306,12904.45521,2056.28469,4603.795262,1137.326404,32558.39335
1/7/2010 5:00,7848.692647,1948.887538,1279.60518,1213.494956,13728.31993,2153.853995,4844.429974,1190.368188,34207.65241
1/7/2010 6:00,8607.9692,2083.436651,1357.307412,1162.907539,15204.80195,2357.403918,5514.539489,1290.101352,37578.46751
1/7/2010 7:00,9475.988073,2420.295873,1430.965456,1294.677978,17258.87051,2651.098514,6669.049699,1429.154709,42630.10081
1/7/2010 8:00,9845.97775,2519.412286,1473.047153,1309.139986,18425.66758,2703.923519,7258.012115,1529.269992,45064.45038
1/7/2010 9:00,10315.98835,2246.754433,1439.925876,1276.822737,18216.36607,2907.608384,7458.824673,1532.657175,45394.9477
1/7/2010 10:00,10978.72524,2294.008257,1464.150538,1296.480716,18244.29212,2853.000729,7707.71098,1540.407925,46378.77651
1/7/2010 11:00,11002.05622,2341.272976,1488.396305,1289.485717,18400.70277,2873.590947,7892.309827,1560.335386,46848.15016
1/7/2010 12:00,11204.71098,2274.485885,1466.471746,1247.619359,17849.02396,3039.473567,7856.565517,1510.296253,46448.64727
1/7/2010 13:00,11475.34091,2239.898568,1403.64466,1208.026112,17211.66332,3117.232769,7653.924729,1448.569836,45758.3009
1/7/2010 14:00,11641.09032,2234.37978,1382.352556,1201.80846,16853.22718,2894.632751,7412.271112,1401.404156,45021.16631
1/7/2010 15:00,11213.28487,2173.861478,1330.229931,1180.712168,16565.62703,3214.28607,7130.511074,1342.11175,44150.62437
1/7/2010 16:00,11379.36297,2192.755493,1313.746109,1162.683463,16354.55021,3120.516214,7026.988251,1341.308269,43891.91097
1/7/2010 17:00,11441.34006,2212.235956,1333.200705,1186.556162,16870.84476,3299.972975,7251.115705,1383.4646,44978.73093
1/7/2010 18:00,12244.38639,2194.076574,1422.565272,1276.057602,18287.91855,3415.85401,7963.445464,1468.656807,48272.96067
1/7/2010 19:00,12832.4952,2311.957788,1533.132729,1368.767398,19516.72063,4012.122712,8772.34131,1584.326569,51931.86433
1/7/2010 20:00,12977.39923,2306.376979,1578.443507,1348.498582,19752.93982,3886.471072,8857.769107,1612.40516,52320.30346
1/7/2010 21:00,12692.90882,2270.265382,1616.510892,1359.394101,19781.62482,3882.651222,8760.945318,1614.20594,51978.50649
1/7/2010 22:00,12277.49643,2290.045132,1609.186076,1342.285715,19335.38793,3932.096609,8630.532939,1607.705409,51024.73624
1/7/2010 23:00,11942.42485,2092.65712,1541.734993,1308.661968,18440.06503,3785.783364,8236.055911,1561.401769,48908.785
1/8/2010 0:00,11622.69701,2033.192826,1480.50563,1240.219412,17536.94141,3760.924776,7957.982949,1516.026511,47148.49052
1/8/2010 1:00,11170.00541,1792.393131,1415.623573,1217.589259,17238.67877,3722.440492,7801.441497,1475.501431,45833.67357
1/8/2010 2:00,10926.94976,1814.148063,1405.421089,1236.935743,17148.94852,3659.737282,7720.760332,1476.4496,45389.35039
1/8/2010 3:00,10784.30479,1854.570539,1425.513032,1263.563587,17388.34577,3588.74721,7764.439206,1493.889212,45563.37334
1/8/2010 4:00,10929.21539,1911.857048,1415.577635,1270.344677,17746.07572,3641.073075,7865.829121,1490.065643,46270.03831
1/8/2010 5:00,11314.30964,1968.171699,1421.400361,1291.573081,18098.84258,3831.892416,8091.333885,1512.895997,47530.41965
1/8/2010 6:00,12053.821,2083.334485,1484.131216,1376.403445,19024.38613,4087.950095,8602.072266,1565.904626,50278.00327
1/8/2010 7:00,12837.16151,2305.186503,1512.81282,1487.024505,20603.78038,4553.400559,9369.581834,1671.427178,54340.37529
1/8/2010 8:00,13303.68316,2287.747351,1577.930097,1459.835549,21444.10682,4456.755653,9621.357928,1735.514529,55886.93108
1/8/2010 9:00,13539.8564,2117.002434,1536.047368,1434.098557,20845.21854,4494.120194,9395.455523,1719.099958,55080.89897
1/8/2010 10:00,13754.85962,2106.928615,1519.91898,1385.922457,20271.51961,4661.824467,9297.48302,1707.259043,54705.71581
1/8/2010 11:00,13585.46628,2102.996342,1495.388633,1426.311123,19692.27251,4638.237818,9205.378214,1685.844041,53831.89496
1/8/2010 12:00,13680.97895,2013.004442,1474.485853,1368.853154,18746.98355,4550.197968,9023.940683,1619.412679,52477.85727
1/8/2010 13:00,13357.82392,1936.220618,1439.260558,1310.505588,18188.392,4434.560779,8742.616893,1548.854476,50958.23483
1/8/2010 14:00,13181.70123,1891.463077,1413.309762,1292.555808,17389.92626,4277.329909,8527.873604,1462.482154,49436.6418
1/8/2010 15:00,12759.37123,1842.036045,1380.927272,1172.278249,16966.1867,4258.916794,8294.782047,1392.183236,48066.68158
1/8/2010 16:00,12669.20996,1835.221553,1355.048507,1133.879427,16756.75565,4136.007485,8115.004535,1385.812649,47386.93977
1/8/2010 17:00,12905.05895,1858.633531,1380.569772,1169.471861,16802.49893,4164.897707,8240.808438,1396.445415,47918.3846
1/8/2010 18:00,13501.8346,1949.082933,1391.525263,1239.326174,17849.51718,4248.10064,8578.235058,1442.126447,50199.74829
1/8/2010 19:00,14410.2692,2064.736015,1442.25793,1390.962611,18630.93525,4478.787847,9001.193011,1559.887342,52979.02921
1/8/2010 20:00,14227.48446,2078.802052,1475.015762,1365.521719,18750.96127,4570.944323,9042.003704,1575.820118,53086.5534
1/8/2010 21:00,13804.32956,2103.891628,1487.723009,1391.580821,18929.25921,4522.026498,9014.387744,1570.822417,52824.02089
1/8/2010 22:00,13498.92397,2164.635133,1456.436592,1289.661424,18450.62277,4485.641484,8886.757856,1559.009367,51791.68859
1/8/2010 23:00,12996.68913,2286.074723,1403.190575,1274.566427,17822.30798,4354.655087,8648.030782,1546.094515,50331.60922
1/9/2010 0:00,12336.8525,2214.752737,1364.05619,1226.940286,17519.97463,4310.72646,8424.34503,1512.536832,48910.18466
1/9/2010 1:00,11308.81093,1961.476844,1383.695184,1244.048401,17853.01594,4240.751151,8334.576334,1480.669663,47807.04444
1/9/2010 2:00,11192.12707,1970.652604,1378.174396,1238.091729,17690.24538,4218.88478,8367.285467,1490.324747,47545.78617
1/9/2010 3:00,10985.87318,2054.914019,1381.998967,1257.624479,17918.44495,4178.178804,8456.27846,1525.09663,47758.40949
1/9/2010 4:00,11067.49452,2125.399373,1388.621795,1267.853369,18150.41749,4114.210921,8553.586936,1547.42422,48215.00863
1/9/2010 5:00,11225.37156,2142.40122,1382.319813,1271.466024,18315.23957,4397.090441,8774.620004,1562.345437,49070.85407
1/9/2010 6:00,11471.09967,2075.877724,1408.046137,1301.871186,18764.18797,4499.940656,9070.213721,1609.879408,50201.11647
1/9/2010 7:00,11634.78137,2454.004916,1386.77778,1328.415425,19507.80603,4765.464636,9364.033281,1646.682976,52087.96642
1/9/2010 8:00,12508.66992,2332.361349,1422.222531,1323.230769,19687.27028,4669.952027,9544.978729,1683.859098,53172.5447
1/9/2010 9:00,12648.41011,2265.095179,1409.554764,1341.322627,19282.63263,4733.544348,9406.362728,1667.971354,52754.89374
1/9/2010 10:00,12834.7429,2241.477161,1377.273475,1326.006709,18331.54226,4571.331944,8974.321374,1565.172478,51221.86829
1/9/2010 11:00,12031.92463,2145.000227,1300.710027,1252.079146,17759.43728,4385.333094,8428.722294,1466.338491,48769.54519
1/9/2010 12:00,11856.65964,2006.122939,1198.729166,1166.753492,16467.8502,3995.575118,7854.121498,1330.890418,45876.70247
1/9/2010 13:00,11453.22246,1865.068457,1244.858668,1137.688366,15173.1905,3823.854193,7327.541175,1281.395012,43306.81883
1/9/2010 14:00,11272.02707,1748.823457,1240.573837,1083.720105,14032.99384,3464.122372,6842.622835,1211.225001,40896.10852
1/9/2010 15:00,10507.70916,1663.974669,1234.786364,1036.860694,13465.87546,3338.29083,6482.103336,1196.778625,38926.37913
1/9/2010 16:00,10240.8516,1650.771877,1215.102978,994.062666,13201.35733,3123.085228,6252.21301,1145.860699,37823.30539
1/9/2010 17:00,10370.52875,1625.474928,1214.617616,989.91972,13373.7443,3063.94139,6248.624763,1108.99234,37995.8438
1/9/2010 18:00,11022.28976,1777.007629,1229.096529,1066.433604,14688.20089,3138.720508,6709.945192,1158.896117,40790.59022
1/9/2010 19:00,11874.0133,1904.717057,1279.312275,1160.220168,16129.94589,3655.863617,7545.176894,1275.45705,44824.70626
1/9/2010 20:00,11921.94136,2002.535225,1339.673821,1194.721709,16466.38106,3820.935034,7867.218907,1312.643958,45926.05108
1/9/2010 21:00,11883.85934,2052.570011,1349.829982,1223.351648,16676.59057,3914.493719,7970.094617,1325.62501,46396.41489
1/9/2010 22:00,11983.02398,2056.304402,1336.215622,1188.995201,16567.48297,4010.101492,7981.383962,1334.848179,46458.35581
1/9/2010 23:00,11754.90885,1842.769667,1310.937654,1182.172656,16250.15743,4000.250704,7790.222055,1348.451189,45479.8702
1/10/2010 0:00,11511.91736,1737.445228,1270.115174,1139.259721,16030.87231,3977.29731,7657.014603,1316.421479,44640.34319
1/10/2010 1:00,10460.69589,1820.912888,1316.992701,1136.43607,16448.67433,3815.063399,7572.873927,1336.534295,43908.18349
1/10/2010 2:00,10363.7957,1822.25744,1315.72196,1144.045056,16343.86829,3795.361644,7591.34524,1344.433344,43720.82867
1/10/2010 3:00,10238.36017,1914.808063,1320.541693,1146.923108,16478.3173,3788.124432,7660.32665,1367.63636,43915.03778
1/10/2010 4:00,10427.12472,1825.254078,1327.689369,1131.9825,16638.2808,3778.893991,7749.84889,1379.797315,44258.87166
1/10/2010 5:00,10684.83986,1872.663674,1325.107996,1152.686029,16742.33317,3949.200662,7914.933205,1406.778238,45048.54284
1/10/2010 6:00,10978.26623,1947.462405,1342.17105,1200.773354,17124.25629,4057.019252,8155.334653,1445.208777,46250.49201
1/10/2010 7:00,11212.86768,2201.271779,1340.503156,1232.050309,17879.5979,4200.291167,8435.605861,1499.6036,48001.79145
1/10/2010 8:00,11490.33218,2318.513079,1384.183773,1269.544856,18271.40091,4270.173402,8680.940957,1569.468424,49254.55758
1/10/2010 9:00,11581.84435,2290.910087,1417.847591,1321.688948,18064.19395,4274.894849,8624.331749,1593.684328,49169.39586
1/10/2010 10:00,11677.07183,2153.087043,1380.921751,1275.661436,16860.5694,4189.797294,8128.079621,1493.478687,47158.66706
1/10/2010 11:00,11047.29467,2003.894224,1367.383519,1176.412813,15975.64305,3906.737846,7621.372929,1401.289874,44500.02893
1/10/2010 12:00,11043.27052,1818.391158,1320.04697,1109.191054,14718.19039,3433.92142,7084.456455,1299.091921,41826.55989
1/10/2010 13:00,10564.13415,1686.229713,1307.275567,1059.779018,13754.22273,3227.646414,6646.466345,1210.827728,39456.58166
1/10/2010 14:00,10309.87726,1608.751115,1253.09047,1005.220631,12900.19098,2911.164414,6233.05419,1127.129347,37348.47841
1/10/2010 15:00,9905.402078,1545.217271,1237.447553,961.099236,12169.94611,2791.096978,5937.635374,1086.555015,35634.39962
1/10/2010 16:00,9712.811865,1484.083303,1202.202267,919.015504,11790.59598,2685.717729,5785.128363,1064.454311,34644.00932
1/10/2010 17:00,9918.932505,1869.424136,1201.34841,900.493971,11803.34667,2672.562591,5817.981998,1045.35282,35229.4431
1/10/2010 18:00,10621.08094,2013.539589,1230.246596,982.24812,12952.85841,2788.839108,6287.969949,1114.93105,37991.71377
1/10/2010 19:00,11508.05292,1798.660875,1324.766863,1094.270802,14600.55676,3243.140807,7154.267967,1251.294382,41975.01138
1/10/2010 20:00,11710.22234,1887.209277,1397.27435,1124.684144,15351.17388,3468.196179,7573.811344,1306.742937,43819.31445
1/10/2010 21:00,11762.78577,1957.033803,1399.818379,1139.063963,15493.0396,3663.01314,7707.797352,1313.313379,44435.86538
1/10/2010 22:00,11574.48971,2011.893491,1395.91231,1122.087641,15263.19138,3664.367946,7628.76819,1317.822851,43978.53352
1/10/2010 23:00,11307.61884,1838.405688,1346.642052,1016.245088,14557.25325,3505.248597,7291.629282,1301.167501,42164.2103
1/11/2010 0:00,10756.47328,1816.214043,1300.061667,946.585612,13964.50703,3316.27222,6968.981542,1244.77142,40313.86681
1/11/2010 1:00,9940.818113,1780.274583,1311.553585,1018.54293,14217.62631,3070.895923,6887.608902,1254.886779,39482.20712
1/11/2010 2:00,9879.444735,1779.11748,1306.899385,1024.718392,14148.50162,2981.847992,6932.487362,1262.17864,39315.19561
1/11/2010 3:00,9832.143024,1815.671453,1314.744134,1032.499392,14420.74245,2955.327348,7019.395632,1284.095514,39674.61895
1/11/2010 4:00,10010.75631,1946.282827,1333.208226,1046.295428,14668.77787,2964.137392,7154.956696,1315.732732,40440.14748
1/11/2010 5:00,10553.65072,2088.249516,1339.596553,1050.382909,14995.8833,3054.978961,7440.631355,1349.441795,41872.81511
1/11/2010 6:00,11175.05865,2036.822897,1386.271473,1111.591329,16113.64922,3354.310113,8019.320332,1433.081943,44630.10595
1/11/2010 7:00,12195.56909,2363.756474,1458.32973,1205.511648,17888.52375,3634.304833,8881.193464,1546.804341,49173.99333
1/11/2010 8:00,12453.52748,2628.782358,1490.364662,1197.35274,18483.53328,3635.4126,8979.074872,1590.875428,50458.92342
1/11/2010 9:00,11992.31173,2409.275086,1440.179387,1203.269384,17519.81443,3463.108436,8457.028566,1538.062076,48023.04909
1/11/2010 10:00,11679.95276,2108.588777,1384.997088,1128.980497,16353.77928,3248.095348,7887.032205,1430.718352,45222.1443
1/11/2010 11:00,11277.46101,1976.287457,1357.107172,1077.69434,15217.29251,3084.354011,7344.881123,1356.715696,42691.79332
1/11/2010 12:00,10887.45285,1823.836312,1326.005013,1025.197168,14142.76547,2894.732304,6795.371331,1250.631952,40145.99241
1/11/2010 13:00,10367.54345,1711.003876,1281.574608,972.485233,13241.38639,2845.415531,6370.808247,1145.474743,37935.69208
1/11/2010 14:00,10137.70566,1633.170434,1235.849699,935.393809,12478.33353,2743.180844,5992.384658,1085.074195,36241.09282
1/11/2010 15:00,9756.66633,1754.573598,1205.770411,895.184333,11951.4853,2637.108746,5699.294564,1042.521307,34942.60459
1/11/2010 16:00,9641.878464,1853.66644,1165.947342,869.798196,11510.97871,2557.028092,5598.87688,1023.296925,34221.47105
1/11/2010 17:00,9643.046199,1893.793073,1187.774746,877.914224,11455.06171,2556.446433,5660.13321,1040.798087,34314.96769
1/11/2010 18:00,10144.221,1973.32934,1215.948459,945.076124,12444.45444,2696.842071,6019.450737,1088.874325,36528.19649
1/11/2010 19:00,11002.05805,1967.007358,1311.679924,1021.725309,13637.40636,2906.677538,6569.298357,1212.100205,39627.9531
1/11/2010 20:00,10933.84654,2012.10193,1351.494911,1035.168702,13945.54726,3025.989439,6685.71389,1234.276507,40224.13917
1/11/2010 21:00,10600.44592,1894.696642,1384.063951,1060.015636,14190.02309,3078.897402,6642.00125,1245.030715,40095.17461
1/11/2010 22:00,10404.08766,1893.360356,1374.464549,1034.480012,13906.03613,2934.269691,6437.294614,1250.438159,39234.43118
1/11/2010 23:00,9691.421668,1584.324667,1345.315982,1011.522846,13207.47886,2740.47489,6014.912598,1209.6822,36805.13371
1/12/2010 0:00,9266.862377,1452.015688,1284.949355,951.272907,12548.41974,2437.8667,5591.574706,1145.269887,34678.23136
1/12/2010 1:00,8490.433015,1571.502873,1243.484589,936.412216,12579.44807,2491.147173,5339.977143,1059.480441,33711.88552
1/12/2010 2:00,8402.997955,1547.364292,1256.198934,939.139053,12561.15883,2401.791741,5242.816482,1065.930719,33417.398
1/12/2010 3:00,8338.893945,1563.191731,1282.070966,947.983681,12789.13686,2371.536805,5226.326438,1079.529721,33598.67015
1/12/2010 4:00,8448.604898,1597.759919,1315.232897,963.451211,13152.34496,2313.627303,5266.346431,1103.029851,34160.39747
1/12/2010 5:00,8824.411001,1691.327373,1328.403816,988.00397,13642.29187,2418.384155,5442.738724,1127.886559,35463.44747
1/12/2010 6:00,9608.203385,1826.217847,1392.766383,1059.103625,14730.64562,2609.53117,5937.038956,1207.49383,38371.00081
1/12/2010 7:00,10672.98095,2004.085699,1464.292406,1204.740966,16690.5609,2878.927735,6738.303581,1343.220177,42997.11242
1/12/2010 8:00,10953.12692,2031.405212,1496.677532,1206.136256,17396.55984,2925.157853,6923.688336,1377.696531,44310.44848
1/12/2010 9:00,10703.86771,1888.897038,1436.235364,1159.542522,16290.76252,2885.366135,6562.189624,1323.237193,42250.09811
1/12/2010 10:00,10464.27121,1658.353991,1379.641139,1095.074756,15100.83219,2738.948716,6180.002195,1252.314192,39869.43839
1/12/2010 11:00,10187.52835,1548.038489,1335.722554,1039.601714,14109.94,2709.310836,5793.301066,1190.718295,37914.1613
1/12/2010 12:00,9931.752024,1462.224551,1290.81628,989.520629,13153.81736,2660.234127,5492.214042,1121.805259,36102.38427
1/12/2010 13:00,9453.235633,1636.311459,1229.372383,937.858595,12380.20109,2673.973686,5267.010332,1041.741447,34619.70463
1/12/2010 14:00,9294.320112,1452.409108,1176.572003,910.456026,11799.8217,2570.204166,5111.935497,979.667346,33295.38596
1/12/2010 15:00,9063.603507,1413.955468,1146.694774,884.814728,11281.52845,2549.136981,5005.371655,951.100039,32296.20561
1/12/2010 16:00,9114.899418,1383.094134,1108.66432,858.960542,10859.60612,2511.736266,4962.873944,939.247149,31739.08189
1/12/2010 17:00,9134.85839,1983.54125,1117.765306,862.363436,10813.97299,2544.747454,5008.280205,939.013257,32404.54228
1/12/2010 18:00,9550.282869,1949.622768,1146.19264,917.836587,11503.32291,2680.569129,5336.114937,1026.592086,34110.53393
1/12/2010 19:00,10035.26643,1671.888367,1228.580656,1005.258351,12874.15841,2956.979929,5882.341926,1131.205253,36785.67932
1/12/2010 20:00,10096.25641,1690.583592,1277.99891,1015.046644,13051.51153,3022.154341,5934.385373,1133.88225,37221.81905
1/12/2010 21:00,9907.005955,1664.721093,1321.862731,1050.489092,13320.05831,3001.98196,5880.712135,1140.873538,37287.70482
1/12/2010 22:00,9686.408519,1629.445967,1297.660988,1033.111205,13095.52702,2915.551225,5663.323307,1119.260121,36440.28835
1/12/2010 23:00,9264.822706,1552.222983,1263.075463,967.537577,12424.15037,2742.875278,5267.087945,1090.005993,34571.77831
1/13/2010 0:00,8934.985692,1492.831037,1209.365093,914.948504,11705.76046,2469.333766,4826.424642,1035.387912,32589.0371
1/13/2010 1:00,8530.615507,1545.916736,1207.728381,864.354313,11327.51738,2357.730417,4592.394146,969.625319,31395.8822
1/13/2010 2:00,8407.420497,1549.963121,1208.597249,872.118567,11275.85927,2281.050656,4509.232162,966.988927,31071.23045
1/13/2010 3:00,8417.750873,1558.107399,1216.893254,882.293054,11362.46523,2253.673288,4482.612169,966.636406,31140.43167
1/13/2010 4:00,8485.62469,1563.106337,1235.780984,898.236286,11643.08029,2205.790408,4545.742119,981.11537,31558.47649
1/13/2010 5:00,8808.99843,1653.554608,1251.21192,929.502641,12086.81066,2295.288429,4719.377572,998.137653,32742.88191
1/13/2010 6:00,9608.976438,1783.829338,1296.112933,1005.036958,13131.64484,2493.387227,5194.301364,1058.254271,35571.54337
1/13/2010 7:00,10682.68577,1973.801904,1359.984481,1167.448965,14822.32534,2778.091982,5998.289784,1147.102202,39929.73043
1/13/2010 8:00,10814.45193,1928.233863,1378.486071,1161.443913,15574.00446,2824.45025,6195.547492,1200.647389,41077.26536
1/13/2010 9:00,10510.35735,1826.526785,1328.271101,1114.280199,14783.81484,2802.07079,5922.973146,1173.883506,39462.17772
1/13/2010 10:00,10429.28286,1792.773974,1296.587079,1068.382734,13998.21933,2664.679944,5834.257493,1151.280447,38235.46385
1/13/2010 11:00,10330.3733,1700.320823,1262.953594,1011.184316,13206.36985,2617.223958,5775.709436,1125.556295,37029.69157
1/13/2010 12:00,9968.882493,1590.188656,1223.461496,959.244564,12499.92982,2571.256072,5693.525513,1089.503806,35595.99242
1/13/2010 13:00,9572.572915,1526.779096,1188.428582,925.202082,12027.78847,2599.932164,5606.738212,1065.214295,34512.65582
1/13/2010 14:00,9551.388276,1469.886911,1165.250704,912.344377,11658.45198,2532.034772,5545.730149,1044.774248,33879.86141
1/13/2010 15:00,9391.235282,1416.139176,1137.580402,892.831569,11352.63571,2531.619843,5491.643472,1020.616784,33234.30224
1/13/2010 16:00,9546.473414,1396.999153,1120.56209,883.162545,11095.83254,2524.681639,5493.139859,1018.089001,33078.94025
1/13/2010 17:00,9631.190063,1870.907711,1138.38229,890.278626,11282.9644,2552.493343,5605.778969,1040.525187,34012.52059
1/13/2010 18:00,10092.36644,1767.071849,1176.026544,940.811368,11942.97516,2690.071439,6002.492429,1061.945457,35673.76069
1/13/2010 19:00,10472.37315,1648.095757,1235.62967,996.06584,12594.39548,2915.895868,6369.830714,1151.677426,37383.96391
1/13/2010 20:00,10338.66959,1644.285836,1266.100832,985.261685,12480.92063,2952.499967,6288.265099,1143.848851,37099.85249
1/13/2010 21:00,10081.93022,1622.548799,1283.659142,988.416356,12347.50846,2901.475053,6152.900067,1128.80791,36507.246
1/13/2010 22:00,9603.121735,1584.122361,1263.336545,1066.536236,11874.51643,2806.903957,5862.035124,1089.853316,35150.42571
1/13/2010 23:00,8857.427076,1498.245009,1243.709776,997.353575,10983.29369,2619.969792,5381.0394,1032.701156,32613.73948
1/14/2010 0:00,8247.735861,1417.088498,1201.291039,927.806067,10026.27045,2378.025935,4873.934712,967.011742,30039.1643
1/14/2010 1:00,7968.615829,1403.039403,1155.114172,884.65916,9596.098131,2086.679247,4565.27391,905.429938,28564.90979
1/14/2010 2:00,7759.164951,1399.232989,1141.216161,879.826997,9348.260127,2016.893741,4436.279864,886.292448,27867.16728
1/14/2010 3:00,7777.236116,1360.063799,1150.03798,872.807078,9210.949779,1969.662787,4376.088585,883.58847,27600.43459
1/14/2010 4:00,7792.210103,1393.942124,1162.103043,877.669958,9339.333784,1971.979536,4383.035809,890.244502,27810.51886
1/14/2010 5:00,8024.048287,1408.364513,1162.275721,901.358547,9591.437012,2043.88821,4513.808286,905.344952,28550.52553
1/14/2010 6:00,8698.00035,1770.482308,1198.302827,941.409324,10416.80717,2245.122619,4932.902548,965.940738,31168.96788
1/14/2010 7:00,9580.896767,1823.539727,1268.047035,1096.492814,11990.99163,2583.054854,5699.919352,1057.810018,35100.7522
1/14/2010 8:00,9653.04206,1697.082992,1283.910774,1101.012466,12806.83647,2620.753695,5937.19548,1107.244293,36207.07823
1/14/2010 9:00,9552.0836,1637.234207,1234.366038,935.94806,12405.04539,2585.344329,5752.896762,1088.788271,35191.70665
1/14/2010 10:00,9694.483204,1626.807443,1210.97233,966.875396,12300.32409,2519.424251,5715.103268,1083.696604,35117.68659
1/14/2010 11:00,9765.309742,1606.137181,1198.024729,958.098086,12235.27392,2445.633538,5724.159592,1080.593258,35013.23004
1/14/2010 12:00,9636.346703,1509.39827,1169.241271,943.326911,12185.54234,2396.590378,5662.369347,1055.768904,34558.58412
1/14/2010 13:00,9511.027948,1473.87588,1143.843724,932.626535,11989.4943,2367.631214,5591.801515,1041.050443,34051.35155
1/14/2010 14:00,9468.664077,1452.607322,1135.14425,931.222306,11887.20908,2366.102051,5524.263657,1021.393001,33786.60574
1/14/2010 15:00,9460.542393,1422.907794,1118.795017,918.170701,11767.43535,2361.419388,5415.518743,1001.783026,33466.57241
1/14/2010 16:00,9541.023465,1439.464906,1115.086234,916.826179,11563.46822,2359.426094,5371.423653,1006.355856,33313.07461
1/14/2010 17:00,9571.885932,1534.255813,1136.112924,918.802005,11769.30493,2364.174826,5483.601508,1013.919154,33792.05709
1/14/2010 18:00,9874.456452,1563.550184,1157.464168,950.365348,12236.02834,2456.498231,5723.601178,1038.991219,35000.95512
1/14/2010 19:00,10148.26621,1598.779546,1205.21877,996.584748,12801.99315,2653.202205,6030.794062,1086.320286,36521.15897
1/14/2010 20:00,10064.7344,1624.622685,1226.248156,975.904361,12622.21673,2708.73458,5935.11705,1069.463266,36227.04122
1/14/2010 21:00,9815.821596,1574.105157,1236.674118,967.180303,12345.75925,2689.170652,5783.998715,1042.237617,35454.94741
1/14/2010 22:00,9205.029789,1528.69643,1224.162658,938.111091,11871.25759,2546.928844,5474.986548,995.421123,33784.59407
1/14/2010 23:00,8519.304419,1448.190732,1185.173892,886.576725,10991.652,2381.964277,4985.662223,942.988223,31341.51249
1/15/2010 0:00,7968.737993,1378.133685,1151.104002,834.155741,10025.61215,2166.076694,4515.845007,874.019715,28913.68499
1/15/2010 1:00,7731.139864,1127.026983,1136.996451,801.224346,9281.495977,2152.239575,4220.568752,802.417408,27253.10936
1/15/2010 2:00,7455.078692,1115.808432,1123.207043,788.736404,9018.4308,2066.151352,4123.142017,785.040217,26475.59496
1/15/2010 3:00,7360.894046,1074.788541,1128.910748,773.476177,8900.206205,2047.481403,4063.086723,784.385599,26133.22944
1/15/2010 4:00,7347.442999,1096.550851,1131.388514,773.831966,8976.470551,2035.593337,4040.080893,784.719357,26186.07847
1/15/2010 5:00,7563.357709,1131.590507,1154.721488,798.296411,9266.370028,2083.056111,4205.267855,800.315264,27002.97537
1/15/2010 6:00,8259.907268,1208.390276,1191.29342,849.809622,10049.34551,2288.665464,4660.133672,856.054508,29363.59974
1/15/2010 7:00,9085.817888,1397.631497,1255.966794,961.893214,11543.7795,2488.111493,5418.208589,967.205971,33118.61494
1/15/2010 8:00,9320.059616,1419.684746,1290.435984,973.931389,12454.77446,2591.590763,5757.601438,1025.929898,34834.0083
1/15/2010 9:00,9346.464418,1384.190549,1252.842078,963.043795,12202.24745,2607.199144,5707.43663,1025.471281,34488.89535
1/15/2010 10:00,9582.106394,1385.228662,1252.014713,939.390885,12190.60375,2627.953051,5803.435658,1050.972581,34831.70569
1/15/2010 11:00,9816.587545,1410.055383,1245.033738,949.144246,12172.66369,2573.256938,5887.326332,1064.059241,35118.12711
1/15/2010 12:00,9848.448365,1407.371163,1223.980428,937.038128,11994.99231,2548.310351,5914.615592,1057.125641,34931.88198
1/15/2010 13:00,9770.384648,1341.718538,1206.058968,915.822051,11782.03769,2537.939065,5930.454911,1046.014482,34530.43036
1/15/2010 14:00,9793.487326,1337.711845,1208.408078,907.816688,11713.00202,2476.998479,5945.853306,1047.151155,34430.4289
1/15/2010 15:00,9866.581162,1304.97491,1188.668978,897.905939,11505.86995,2493.27999,5943.512871,1034.243012,34235.03681
1/15/2010 16:00,9967.536184,1338.392152,1182.661257,893.587456,11390.51264,2463.05205,6013.703779,1046.070761,34295.51628
1/15/2010 17:00,10064.41347,1354.323768,1194.918759,910.918125,11580.7804,2554.053623,6168.380165,1067.879618,34895.66793
1/15/2010 18:00,10365.4283,1407.322025,1215.984181,945.437182,12187.9676,2597.225862,6431.133708,1103.5065,36254.00536
1/15/2010 19:00,10440.09388,1465.066081,1242.754709,966.177691,12455.65414,2770.193326,6693.589713,1142.396576,37175.92612
1/15/2010 20:00,10297.0918,1455.170279,1257.15652,945.91424,12233.54577,2821.220284,6635.556562,1116.135131,36761.79059
1/15/2010 21:00,10040.35404,1435.478148,1268.185247,949.939648,12040.62271,2762.081368,6545.337872,1092.592734,36134.59176
1/15/2010 22:00,9600.822553,1417.336132,1262.593498,935.512024,11802.32778,2673.831345,6303.339485,1067.425568,35063.18838
1/15/2010 23:00,9166.421683,1353.794842,1226.621248,893.499498,11209.62696,2547.344972,5940.252291,1023.731812,33361.29331
1/16/2010 0:00,8582.553846,1303.082108,1210.457967,837.331466,10540.98597,2434.9404,5564.988438,970.077341,31444.41754
1/16/2010 1:00,8099.565111,1252.820234,1260.323085,780.452565,10089.7963,2294.653269,5269.911283,953.892103,30001.41395
1/16/2010 2:00,7776.134638,1211.944375,1251.39886,750.23767,9632.681216,2270.202251,5133.933526,927.964997,28954.49753
1/16/2010 3:00,7684.464884,1193.468808,1261.872261,746.900382,9535.405534,2284.664601,5063.982032,922.490219,28693.24872
1/16/2010 4:00,7672.805505,1164.962219,1277.356148,746.685253,9578.556004,2276.520679,5037.300953,927.171317,28681.35808
1/16/2010 5:00,7671.808822,1187.979313,1276.257762,746.378709,9721.660237,2290.883444,5063.485708,932.387353,28890.84135
1/16/2010 6:00,7818.546482,1189.431833,1298.203329,760.428718,10130.31621,2454.572932,5198.168957,977.24851,29826.91697
1/16/2010 7:00,8164.416388,1219.351713,1309.954904,792.816436,10642.91218,2659.683975,5401.873214,1025.642665,31216.65148
1/16/2010 8:00,8688.524445,1251.092082,1316.800593,808.786759,11155.78288,2790.128573,5641.880073,1056.021045,32709.01645
1/16/2010 9:00,9030.088383,1331.49894,1325.058243,843.197763,11454.35215,3009.440961,5813.684218,1092.174198,33899.49486
1/16/2010 10:00,9464.718313,1404.036483,1329.04785,896.248328,11935.65328,2947.506345,5832.967395,1117.313835,34927.49183
1/16/2010 11:00,9742.937144,1415.077779,1323.978609,927.706367,12180.45951,2814.222495,5757.458206,1128.493748,35290.33386
1/16/2010 12:00,9731.312922,1387.740399,1286.372357,912.908907,11972.01006,2713.602664,5555.811579,1080.264117,34640.02301
1/16/2010 13:00,9354.585434,1332.040637,1237.079738,883.477005,11388.16517,2574.465104,5269.455631,1028.011137,33067.27986
1/16/2010 14:00,9116.577676,1308.170124,1213.177969,849.154154,10828.49262,2453.770442,5052.719191,981.203554,31803.26573
1/16/2010 15:00,8898.757049,1264.711542,1182.359784,832.20057,10399.24271,2415.451658,4856.006292,969.47842,30818.20803
1/16/2010 16:00,8828.311685,1230.038347,1153.195159,817.214648,10230.76046,2316.024167,4699.142559,961.643694,30236.33072
1/16/2010 17:00,8726.773365,1252.668754,1149.041638,835.158181,10162.22976,2361.502391,4736.253566,954.511336,30178.13899
1/16/2010 18:00,9024.662935,1291.322641,1165.413765,859.316481,10688.99127,2355.719116,5028.783228,990.744751,31404.95419
1/16/2010 19:00,9546.606796,1354.417151,1205.588943,889.373966,11558.5185,2604.506405,5554.706571,1062.353668,33776.072
1/16/2010 20:00,9606.797715,1348.340292,1231.456174,883.557032,11545.29745,2654.481917,5548.784339,1069.670968,33888.38589
1/16/2010 21:00,9417.390863,1329.601103,1258.208806,895.955687,11565.81325,2610.911316,5516.268151,1065.98276,33660.13194
1/16/2010 22:00,9191.431355,1287.594102,1257.095256,865.48885,11352.2207,2539.37376,5479.220574,1059.923175,33032.34778
1/16/2010 23:00,8668.464759,1236.985313,1239.859961,838.097027,10955.87982,2493.93538,5302.290929,1046.452301,31781.96549
1/17/2010 0:00,8385.139112,1177.72694,1212.335534,805.932595,10434.10082,2328.848239,5107.089613,1010.703456,30461.8763
1/17/2010 1:00,7920.709333,1104.705843,1186.696294,771.905094,10131.8399,2346.765088,4970.286117,967.387793,29400.29546
1/17/2010 2:00,7897.342023,1078.238502,1183.987258,760.62377,9919.495591,2285.858977,4907.315645,957.642916,28990.50468
1/17/2010 3:00,7693.286637,1075.099481,1186.030909,754.050537,9977.167021,2271.739473,4890.606193,965.405114,28813.38537
1/17/2010 4:00,7707.733588,1080.308646,1194.585361,757.533427,9986.019042,2250.624744,4934.180165,973.221518,28884.20649
1/17/2010 5:00,7782.312946,1097.4869,1199.316598,758.66654,10086.55614,2339.804208,5054.138503,991.606637,29309.88847
1/17/2010 6:00,8027.635091,1149.405367,1208.100693,770.601995,10403.11631,2405.290916,5230.248447,1024.417152,30218.81597
1/17/2010 7:00,8279.072206,1212.276398,1218.767274,804.977856,10952.71161,2609.784215,5501.401206,1074.513049,31653.50381
1/17/2010 8:00,8442.973847,1274.089722,1235.705752,827.078381,11484.83145,2715.735977,5747.977311,1122.558306,32850.95074
1/17/2010 9:00,8582.692811,1326.436753,1269.854468,884.602938,11792.5016,2815.486386,5915.613298,1156.8963,33744.08455
1/17/2010 10:00,8712.363519,1265.469959,1248.17712,885.409665,11479.60774,2776.061001,5794.893812,1119.061819,33281.04463
1/17/2010 11:00,8620.444856,1202.075652,1211.738218,851.167273,10864.34719,2580.461923,5537.274261,1051.56576,31919.07513
1/17/2010 12:00,8530.687592,1107.930465,1163.512019,820.810613,10310.64766,2358.254257,5271.03574,966.796957,30529.6753
1/17/2010 13:00,8293.624929,1057.179867,1134.491248,784.825935,9788.530334,2249.734077,5056.533293,905.726262,29270.64595
1/17/2010 14:00,8111.434741,1016.322753,1113.186421,754.635662,9434.183824,2114.907845,4851.611516,866.180281,28262.46304
1/17/2010 15:00,8051.493207,985.589404,1102.878021,726.1811,9008.247147,2041.559614,4672.028537,839.203588,27427.18062
1/17/2010 16:00,7956.59174,961.457088,1085.589186,708.752591,8847.613917,2048.107744,4594.480929,822.281348,27024.87454
1/17/2010 17:00,7977.731374,1621.496285,1082.178702,708.081879,8745.896759,2057.191137,4568.466432,804.217324,27565.25989
1/17/2010 18:00,8315.329057,1597.701897,1095.902755,747.443813,9224.399046,2100.11205,4802.939232,830.938606,28714.76646
1/17/2010 19:00,8875.518604,1165.601379,1147.201678,797.301183,10314.22616,2362.262637,5334.538101,922.793347,30919.44309
1/17/2010 20:00,8950.961894,1197.421017,1181.760648,809.140985,10471.98857,2492.58571,5474.168519,950.177872,31528.20521
1/17/2010 21:00,8850.049,1211.215869,1180.923036,820.140239,10328.03495,2506.585428,5439.225067,942.556326,31278.72992
1/17/2010 22:00,8640.945615,1204.801666,1181.816339,799.764846,10128.52559,2467.809287,5339.250114,935.181359,30698.09482
1/17/2010 23:00,8364.53702,1161.821322,1169.664329,755.521695,9655.332196,2354.835358,5132.748487,917.789243,29512.24965
1/18/2010 0:00,7962.046842,1116.54822,1147.941265,856.68707,9109.680161,2149.875419,4817.759393,877.901999,28038.44037
1/18/2010 1:00,7648.559585,1072.095129,1132.607301,833.922185,8925.787089,1971.368223,4620.861217,848.768051,27053.96878
1/18/2010 2:00,7511.654065,1084.437135,1118.644205,830.747707,8805.638159,1905.961334,4539.339062,842.192675,26638.61434
1/18/2010 3:00,7507.30074,1119.412178,1117.103043,827.134409,8849.83639,1849.717689,4535.399324,848.631893,26654.53567
1/18/2010 4:00,7549.974882,1149.67107,1134.316971,839.888613,8981.070879,1865.636269,4555.365821,863.35653,26939.28104
1/18/2010 5:00,7920.654528,1183.079169,1146.368856,854.358076,9320.88268,1921.535607,4658.025952,881.449996,27886.35486
1/18/2010 6:00,8519.300827,1240.029254,1178.85768,760.488134,10197.43622,2089.288218,4960.040631,938.063905,29883.50486
1/18/2010 7:00,9203.035679,1405.059896,1214.617478,848.83754,11339.12744,2338.149528,5407.131705,1005.332492,32761.29175
1/18/2010 8:00,9386.106475,1419.027259,1240.817028,859.5144,12129.36067,2418.683519,5633.439213,1056.320457,34143.26902
1/18/2010 9:00,9260.761227,1407.496091,1225.22012,863.649205,12150.81828,2469.529846,5621.652921,1058.364551,34057.49224
1/18/2010 10:00,9288.368951,1381.199867,1210.446853,837.006628,12084.08765,2437.573597,5678.041244,1028.593101,33945.31789
1/18/2010 11:00,9313.469531,1375.00847,1202.044997,826.455588,11826.49693,2401.28185,5673.058533,1019.248927,33637.06483
1/18/2010 12:00,9154.21548,1298.60657,1182.656765,800.082215,11579.97427,2373.978284,5580.251219,973.251338,32943.01614
1/18/2010 13:00,8972.124023,1299.907175,1159.126241,777.301103,11129.08059,2379.827234,5384.70945,929.019107,32031.09492
1/18/2010 14:00,8992.343316,1230.669098,1127.642064,757.638177,10756.25693,2338.199022,5165.937494,901.34929,31270.0354
1/18/2010 15:00,9067.964612,1201.005453,1106.321812,735.147387,10377.31217,2313.807588,5016.863612,873.404838,30691.82747
1/18/2010 16:00,9112.069319,1134.510896,1091.843728,721.012512,10057.1419,2296.052329,4936.14575,869.202035,30217.97847
1/18/2010 17:00,9012.298189,1495.93962,1102.033293,721.161042,9978.595965,2295.533482,4898.671601,877.895784,30382.12898
1/18/2010 18:00,9189.726047,1359.543225,1114.695614,755.739436,10445.63914,2314.017691,5068.112702,892.979062,31140.45292
1/18/2010 19:00,9673.147226,1300.855057,1164.742063,805.01654,11211.857,2551.455459,5560.628599,969.852743,33237.55468
1/18/2010 20:00,9497.292487,1282.87086,1185.502498,804.580436,11234.60604,2632.776466,5602.602501,976.421229,33216.65252
1/18/2010 21:00,9102.729192,1255.042316,1192.005624,808.849325,11088.856,2611.963046,5469.61841,954.252946,32483.31686
1/18/2010 22:00,8585.565966,1226.153367,1181.362723,779.738982,10668.59048,2466.679155,5187.690354,944.83406,31040.61509
1/18/2010 23:00,7997.254165,1156.067857,1150.112951,743.080885,9855.949732,2265.099708,4763.906105,887.614907,28819.08631
1/19/2010 0:00,7342.965185,1062.813779,1105.246858,690.399356,9034.27528,2001.386297,4222.913237,836.704003,26296.704
1/19/2010 1:00,7156.539401,998.416581,1113.300506,678.814436,8102.037954,1945.053925,3906.080719,801.357336,24701.60086
1/19/2010 2:00,6925.87673,967.972638,1089.405356,657.646372,7870.463223,1847.68459,3742.892302,783.941118,23885.88233
1/19/2010 3:00,6862.185949,1137.746026,1086.834153,651.311667,7709.175617,1803.979888,3645.811092,781.662823,23678.70722
1/19/2010 4:00,6858.405411,1195.165493,1095.793401,653.218824,7760.724435,1787.158127,3631.397497,787.510399,23769.37359
1/19/2010 5:00,7038.362585,1211.736934,1111.555498,670.053421,8021.71196,1838.053197,3702.67166,805.344471,24399.48973
1/19/2010 6:00,7674.919484,1429.658747,1156.387306,717.446489,8846.86996,2025.214449,4112.530336,871.748853,26834.77562
1/19/2010 7:00,8632.901992,1631.585027,1235.381078,839.48883,10375.86267,2363.647743,4850.666042,974.35324,30903.88662
1/19/2010 8:00,8735.400244,1522.16142,1245.929688,851.106636,11139.68883,2411.095669,5147.875278,1028.44962,32081.70738
1/19/2010 9:00,8678.385524,1228.34235,1192.521817,826.454378,10740.00455,2377.128819,5044.823713,996.349576,31084.01073
1/19/2010 10:00,8909.868035,1236.995191,1168.273039,803.850438,10546.16698,2333.413422,5061.869352,976.581528,31037.01799
1/19/2010 11:00,9174.799604,1237.558868,1152.599388,794.418988,10505.25828,2304.912871,5088.3026,958.380094,31216.23069
1/19/2010 12:00,9248.887118,1242.840857,1135.238165,785.702233,10436.66363,2334.743188,5068.797909,929.235015,31182.10812
1/19/2010 13:00,9245.21668,1218.638978,1118.202445,771.195382,10361.49885,2388.450652,5039.458855,910.891865,31053.55371
1/19/2010 14:00,9292.655283,1217.265326,1110.587833,763.3639,10295.54403,2429.240806,4944.720052,890.449205,30943.82644
1/19/2010 15:00,9316.837484,1146.388316,1099.560973,755.922066,10114.35725,2458.568353,4886.177046,878.119921,30655.93141
1/19/2010 16:00,9356.169427,1163.943348,1092.861242,750.617785,9895.101662,2479.270573,4896.236088,870.356472,30504.5566
1/19/2010 17:00,9351.850181,1179.401282,1103.608608,753.831409,9847.29613,2494.95673,4909.704851,875.256641,30515.90583
1/19/2010 18:00,9539.894766,1209.979211,1120.823184,778.905275,10136.36246,2503.179359,4955.122854,898.339692,31142.60681
1/19/2010 19:00,9956.260468,1283.286032,1163.465033,830.847438,10880.37851,2677.686238,5422.449581,970.438873,33184.81217
1/19/2010 20:00,9827.648655,1274.630857,1186.0318,831.684478,10805.29078,2757.668574,5482.194447,973.558733,33138.70833
1/19/2010 21:00,9552.576961,1236.620726,1200.182007,840.471189,10641.29126,2700.694654,5362.759101,968.864796,32503.46069
1/19/2010 22:00,9064.859339,1191.901922,1173.717176,810.101217,10203.02469,2542.357889,5060.658147,936.296697,30982.91708
1/19/2010 23:00,8418.859708,1123.943437,1139.911026,759.186038,9379.10874,2337.765654,4586.10142,882.436815,28627.31284
1/20/2010 0:00,7736.671582,1028.923765,1090.595795,708.84752,8478.73004,2074.322147,4143.59766,817.158767,26078.84728
1/20/2010 1:00,7351.657723,982.426111,1061.354386,644.221213,7844.992922,1880.2087,3802.894806,762.650693,24330.40655
1/20/2010 2:00,7097.093007,941.110064,1042.489327,631.449903,7555.083289,1780.55711,3614.976325,746.569271,23409.3283
1/20/2010 3:00,6976.262479,890.949199,1042.712456,622.047684,7419.888014,1727.357591,3523.158661,747.217377,22949.59346
1/20/2010 4:00,6911.140784,874.511445,1063.888269,609.560227,7439.272731,1699.424674,3476.553963,756.243292,22830.59539
1/20/2010 5:00,7027.240158,873.83443,1079.631719,628.22598,7652.765676,1730.627796,3601.756381,774.931399,23369.01354
1/20/2010 6:00,7637.466393,1198.499417,1130.143839,677.440716,8394.419306,1887.74154,3946.319388,841.192023,25713.22262
1/20/2010 7:00,8562.316889,1381.174836,1210.283477,797.793573,9919.60827,2208.836352,4623.847346,946.374898,29650.23564
1/20/2010 8:00,8921.120422,1143.887367,1219.235883,844.151557,10766.23189,2288.054134,4952.220688,999.333784,31134.23573
1/20/2010 9:00,8946.572868,1198.533934,1172.985387,834.439348,10512.48182,2300.802966,4875.99616,968.024072,30809.83656
1/20/2010 10:00,9146.321356,1210.547508,1163.281438,828.085428,10526.49349,2280.719911,4925.084644,953.64564,31034.17942
1/20/2010 11:00,9470.76566,1233.739171,1147.306221,824.757242,10532.09671,2296.907436,4990.405085,947.248869,31443.22639
1/20/2010 12:00,9610.881389,1249.296487,1132.859794,816.918371,10503.93479,2338.28825,4994.157877,922.274044,31568.61101
1/20/2010 13:00,9601.491433,1409.712221,1112.848603,819.692916,10458.92754,2389.538723,4994.590917,906.402976,31693.20532
1/20/2010 14:00,9565.899523,1334.577878,1103.12148,830.920081,10435.20108,2432.134559,4975.006081,891.940593,31568.80127
1/20/2010 15:00,9560.028561,1283.806423,1088.862171,820.990527,10303.83611,2471.935804,4965.635599,877.643686,31372.73888
1/20/2010 16:00,9636.672524,1313.307379,1078.935176,815.865256,10107.25151,2490.119641,4946.803221,873.978552,31262.93325
1/20/2010 17:00,9706.111273,1363.482187,1101.851225,818.860131,10159.28435,2526.75861,4961.933812,884.415798,31522.69738
1/20/2010 18:00,9890.801571,1275.708417,1130.445151,840.495465,10279.70784,2523.085295,5035.186867,894.422942,31869.85355
1/20/2010 19:00,10144.86239,1355.913235,1184.013268,884.32222,10916.28541,2692.54088,5423.646623,964.565605,33566.14962
1/20/2010 20:00,9936.647121,1321.912959,1208.407802,872.20767,10821.3152,2764.001361,5472.827087,971.145515,33368.46472
1/20/2010 21:00,9667.437081,1255.863901,1220.573125,874.124445,10616.89936,2708.862969,5344.425219,956.5792,32644.7653
1/20/2010 22:00,9129.060586,1220.097139,1208.39404,845.471573,10255.98879,2548.942676,5077.246828,932.195445,31217.39707
1/20/2010 23:00,8456.883245,1139.112003,1173.714331,766.804646,9394.419133,2321.158118,4635.288944,876.85414,28764.23456
1/21/2010 0:00,7822.067472,1042.594859,1127.003748,681.972434,8486.913844,2077.992374,4157.675974,823.861875,26220.08258
1/21/2010 1:00,7431.18218,915.382858,1074.015335,655.897131,7915.259278,1853.318901,3831.631676,801.946279,24478.63364
1/21/2010 2:00,7137.920525,914.591437,1067.171912,647.208955,7715.018958,1762.074279,3696.579729,789.459042,23730.02484
1/21/2010 3:00,6989.950834,898.912241,1069.617819,642.701279,7642.891555,1723.91621,3653.493576,792.225541,23413.70906
1/21/2010 4:00,6914.792211,917.36603,1087.07116,652.764216,7790.676564,1697.61096,3673.319754,803.631927,23537.23282
1/21/2010 5:00,7065.758833,933.511381,1109.763839,669.391428,8123.286466,1728.540756,3834.970244,827.526729,24292.74968
1/21/2010 6:00,7670.98678,999.268946,1160.159037,723.420291,8970.240956,1910.368893,4275.611699,898.589526,26608.64613
1/21/2010 7:00,8622.800973,1151.471509,1227.127851,849.83582,10713.34922,2218.496049,5182.271596,1011.343411,30976.69643
1/21/2010 8:00,8791.481042,1206.614657,1249.985939,868.386102,11619.99224,2304.169914,5448.20613,1076.882659,32565.71869
1/21/2010 9:00,8751.280006,1171.434983,1193.002113,840.661827,11192.36416,2282.776089,5270.480744,1032.990113,31734.99004
1/21/2010 10:00,8960.230384,1207.880961,1181.112868,831.621433,10994.47723,2255.312931,5122.379504,989.836117,31542.85143
1/21/2010 11:00,9262.269706,1223.270932,1158.504885,810.708293,10718.87988,2285.541709,5019.156579,958.584481,31436.91646
1/21/2010 12:00,9516.465541,1209.379242,1134.481874,779.994571,10462.33277,2296.432494,4956.610894,912.882669,31268.58006
1/21/2010 13:00,9468.714417,1179.594017,1114.142114,758.994564,10282.0564,2359.554932,4920.638779,876.615053,30960.31027
1/21/2010 14:00,9499.171257,1177.211877,1094.070205,745.92544,10220.96612,2432.615971,4929.017314,848.582936,30947.56112
1/21/2010 15:00,9648.448991,1149.617766,1085.810565,727.9037,9947.115849,2479.122825,4925.383166,838.321234,30801.7241
1/21/2010 16:00,9778.700944,1147.985221,1077.195809,713.289673,9672.301275,2502.479458,4928.070615,831.642305,30651.6653
1/21/2010 17:00,9642.319472,1157.664368,1082.745006,711.700685,9614.624173,2519.145009,4939.547669,828.325352,30496.07173
1/21/2010 18:00,9516.635213,1175.579884,1099.455642,736.372695,9838.070682,2463.269009,4949.702625,835.510316,30614.59607
1/21/2010 19:00,9738.12312,1249.652268,1138.025095,794.079518,10776.2609,2601.563203,5261.430853,907.687853,32466.82281
1/21/2010 20:00,9627.102327,1239.992746,1162.751496,806.58329,10803.17536,2656.164302,5383.241473,920.190955,32599.20195
1/21/2010 21:00,9251.068501,1215.550818,1184.552624,824.924866,10787.99621,2619.71545,5267.152312,912.988415,32063.9492
1/21/2010 22:00,8690.638692,1178.034572,1166.480425,808.25811,10563.7584,2464.483564,4994.568911,896.971908,30763.19458
1/21/2010 23:00,8103.759249,1107.836957,1132.050689,768.805542,9869.927261,2274.284327,4604.977224,866.862307,28728.50356
1/22/2010 0:00,7473.500944,1022.022082,1084.631296,723.622169,9099.267547,2040.12478,4150.693107,815.998172,26409.8601
1/22/2010 1:00,7164.885078,1025.078472,1047.962731,681.719263,8508.058709,2000.01024,3880.278602,755.482476,25063.47557
1/22/2010 2:00,6908.07713,1009.533451,1040.041873,676.011303,8317.943229,1914.88551,3744.925405,747.589076,24359.00698
1/22/2010 3:00,6810.64224,1007.61777,1045.015997,679.989147,8346.761505,1872.911352,3740.938361,750.220508,24254.09688
1/22/2010 4:00,6825.250954,1013.18395,1056.697285,687.905322,8460.596597,1873.465497,3781.20483,756.15737,24454.46181
1/22/2010 5:00,6975.998884,1039.401595,1074.923672,713.124079,8831.173994,1911.08527,3956.071048,781.768804,25283.54735
1/22/2010 6:00,7656.92857,1115.188674,1121.596063,773.572172,9761.524593,2081.036647,4435.699635,840.051602,27785.59796
1/22/2010 7:00,8556.060194,1328.664476,1190.892393,896.285892,11538.50104,2331.910208,5281.896375,949.909791,32074.12037
1/22/2010 8:00,8701.195534,1351.333055,1213.65129,904.492665,12398.32734,2399.083016,5536.468902,1012.398707,33516.95051
1/22/2010 9:00,8600.137279,1313.865378,1172.643025,867.800101,11774.88177,2379.589072,5322.853699,978.405137,32410.17546
1/22/2010 10:00,8663.743513,1258.90659,1149.422676,826.476902,11355.3236,2364.937391,5235.9217,941.866183,31796.59855
1/22/2010 11:00,8884.936813,1224.029965,1149.701956,799.707011,10944.8981,2343.964195,5154.312456,935.172537,31436.72304
1/22/2010 12:00,9057.499796,1197.664913,1146.170429,767.467146,10487.05255,2367.234113,5047.116415,902.518718,30972.72408
1/22/2010 13:00,9035.847778,1372.116476,1123.598628,747.839139,10333.61822,2399.360018,4969.101719,891.779897,30873.26188
1/22/2010 14:00,9038.822187,1230.55423,1131.398244,757.706805,10184.29006,2470.691004,4952.051714,897.690729,30663.20497
1/22/2010 15:00,9154.961747,1225.308651,1108.910026,761.054237,9922.864193,2486.256301,4935.928809,890.259558,30485.54352
1/22/2010 16:00,9176.778423,1319.011778,1105.257308,729.424303,9718.290105,2531.165742,4929.020422,898.694855,30407.64294
1/22/2010 17:00,9143.469381,1523.975551,1124.93804,732.071982,9580.637893,2519.58569,4910.072655,908.46407,30443.21526
1/22/2010 18:00,9153.797256,1520.266602,1132.640415,767.760485,9611.378177,2481.535376,4887.831366,899.502644,30454.71232
1/22/2010 19:00,9417.433335,1187.816453,1193.53667,804.292329,10275.0233,2568.875885,5180.024112,937.32269,31564.32477
1/22/2010 20:00,9229.710229,1179.659276,1201.155888,783.776013,10195.12222,2601.967854,5189.326029,938.627478,31319.34499
1/22/2010 21:00,9020.024152,1152.687639,1175.124958,775.261924,10015.02896,2511.608684,5059.370307,910.644492,30619.75112
1/22/2010 22:00,8635.113493,1071.518929,1184.548488,763.264313,9722.105897,2386.636988,4839.128327,878.17088,29480.48732
1/22/2010 23:00,8157.94386,1069.616288,1169.920244,732.594816,9167.366019,2213.406846,4562.105706,830.291573,27903.24535
1/23/2010 0:00,7603.891717,1001.792059,1129.21569,688.114093,8525.063483,2048.950528,4196.218773,785.091548,25978.33789
1/23/2010 1:00,7476.215835,949.360216,1044.454913,644.030036,7742.059532,1893.808456,3890.245761,734.167256,24374.34201
1/23/2010 2:00,7218.249015,919.304609,1023.628281,610.233067,7362.145521,1803.233627,3688.848449,711.321287,23336.96386
1/23/2010 3:00,7031.172061,887.78224,1015.192738,595.666681,7181.65114,1737.119532,3549.685371,703.815013,22702.08478
1/23/2010 4:00,6919.800351,852.097833,1011.035917,594.296311,7113.888386,1680.48383,3517.31258,698.194246,22387.10945
1/23/2010 5:00,6898.283582,807.258073,1028.962182,600.129798,7191.889729,1686.62037,3491.44416,702.610547,22407.19844
1/23/2010 6:00,6982.246513,838.041668,1043.482058,615.944864,7535.845951,1744.878119,3574.948471,729.083383,23064.47103
1/23/2010 7:00,7292.919812,888.592237,1056.720785,662.098853,8073.071997,1829.260486,3802.110281,771.925424,24376.69988
1/23/2010 8:00,7640.74001,911.188258,1064.198853,692.388196,8652.329746,1916.875732,4026.233627,802.783366,25706.73779
1/23/2010 9:00,7976.871542,971.935172,1084.674361,749.064514,9093.014326,2105.28799,4255.776748,840.254333,27076.87899
1/23/2010 10:00,8455.418665,1019.075817,1132.603146,801.018454,9570.773352,2218.542584,4506.756563,872.810575,28576.99916
1/23/2010 11:00,8801.049497,1060.017169,1162.326037,819.776156,9909.946531,2304.051423,4666.49347,904.31966,29627.97994
1/23/2010 12:00,8993.068911,1070.214541,1165.403603,839.221332,9973.701564,2335.646475,4707.094522,888.039046,29972.38999
1/23/2010 13:00,8978.883299,1046.78309,1151.39465,820.180936,9777.0335,2392.023607,4686.697194,883.217727,29736.214
1/23/2010 14:00,8928.330397,1030.247328,1150.940332,823.488535,9634.062384,2445.462918,4636.10757,874.514794,29523.15426
1/23/2010 15:00,8918.917434,990.847892,1129.556144,955.993449,9645.627039,2474.642353,4586.677476,864.426226,29566.68801
1/23/2010 16:00,8921.692907,962.881979,1115.271079,940.273303,9556.993092,2512.943654,4492.443579,859.734416,29362.23401
1/23/2010 17:00,8869.323282,957.377665,1122.254475,954.268472,9647.472955,2514.618331,4462.771194,865.815971,29393.90235
1/23/2010 18:00,8981.909244,999.751688,1142.215104,967.038837,9888.86049,2426.606641,4537.059086,887.883284,29831.32437
1/23/2010 19:00,9326.381656,1061.375931,1179.731845,859.153967,10614.69201,2565.876073,4906.387641,933.175111,31446.77424
1/23/2010 20:00,9250.358412,1055.980202,1201.702341,853.69439,10532.85897,2613.163182,4979.749982,950.32274,31437.83022
1/23/2010 21:00,8977.35614,1021.242113,1212.074032,859.50527,10419.9027,2500.780334,4873.420642,940.775768,30805.057
1/23/2010 22:00,8650.060174,988.467339,1190.26179,832.493911,10202.94492,2377.968873,4730.940905,917.255808,29890.39372
1/23/2010 23:00,8245.523955,943.442012,1174.727596,790.023967,9781.116687,2226.671867,4498.190611,890.813389,28550.51008
1/24/2010 0:00,7810.81193,878.475373,1149.279334,876.46281,9242.604437,2093.589197,4235.934453,858.889892,27146.04743
1/24/2010 1:00,7465.644181,888.533704,1144.975084,852.742754,8627.83291,1979.983789,4002.632153,860.296601,25822.64118
1/24/2010 2:00,7221.143211,857.397227,1136.196868,838.521157,8364.411926,1890.767403,3872.11034,841.575271,25022.1234
1/24/2010 3:00,7084.718663,848.871504,1129.297998,830.686343,8311.374168,1836.426634,3811.532557,843.691664,24696.59953
1/24/2010 4:00,7038.78668,852.581391,1140.691625,838.404829,8262.159235,1802.830917,3764.130638,838.613611,24538.19893
1/24/2010 5:00,7012.613201,875.767364,1151.040569,844.103939,8392.052042,1811.876793,3846.217149,848.348662,24782.01972
1/24/2010 6:00,7224.323985,910.005535,1156.391869,733.06724,8676.716477,1841.848067,4054.460896,868.58815,25465.40222
1/24/2010 7:00,7478.630489,972.904698,1162.779398,772.540622,9241.182847,1915.386733,4308.487528,921.738092,26773.65041
1/24/2010 8:00,7649.406963,1022.581961,1173.505709,822.496936,9722.661694,2048.169103,4580.743208,963.569062,27983.13464
1/24/2010 9:00,7892.944608,1093.762362,1198.098678,876.40345,10085.22207,2230.617615,4775.311449,994.924095,29147.28433
1/24/2010 10:00,8179.89883,1097.909207,1212.520047,887.139758,10112.1023,2340.733144,4900.937139,990.032601,29721.27302
1/24/2010 11:00,8304.143154,1079.406942,1206.781576,862.513105,9899.910951,2328.996068,4900.040429,974.112231,29555.90446
1/24/2010 12:00,8397.60158,1029.278398,1179.893459,840.189564,9643.425464,2242.475371,4828.821219,928.943576,29090.62863
1/24/2010 13:00,8344.455918,1000.425139,1164.821838,822.883295,9513.007609,2197.779448,4742.178021,897.830532,28683.3818
1/24/2010 14:00,8158.487409,995.202548,1147.033612,811.272409,9421.245152,2193.382909,4637.804037,876.042578,28240.47065
1/24/2010 15:00,8128.183549,980.308608,1125.135983,787.075655,9271.799127,2160.266807,4552.763565,848.359624,27853.89292
1/24/2010 16:00,8059.180402,952.143747,1109.033532,755.866667,9160.586402,2243.140289,4480.935323,832.078476,27592.96484
1/24/2010 17:00,8068.975896,1343.260804,1104.035051,772.200454,9198.729666,2221.642825,4507.352162,830.866763,28047.06362
1/24/2010 18:00,8349.321089,1255.469634,1136.317393,850.728266,9714.634733,2222.370407,4672.707261,865.728062,29067.27684
1/24/2010 19:00,8889.503623,1159.870361,1204.371871,910.086523,11016.04362,2444.930735,5195.040282,944.346244,31764.19326
1/24/2010 20:00,9048.142631,1202.129696,1249.6343,926.647469,11314.83614,2537.45114,5428.27888,996.011166,32703.13142
1/24/2010 21:00,8892.903813,1207.507192,1265.895262,945.285111,11249.21516,2489.991351,5358.563983,998.763212,32408.12508
1/24/2010 22:00,8591.165803,1204.508034,1268.163748,923.817287,11111.16976,2412.744532,5234.491458,997.752711,31743.81333
1/24/2010 23:00,8243.366618,1146.11313,1227.919063,851.24504,10523.16304,2244.239476,4971.306415,960.075172,30167.42796
1/25/2010 0:00,7765.303022,1080.409566,1183.234397,786.977865,9776.603161,2051.010517,4609.128736,912.944206,28165.61147
1/25/2010 1:00,7414.918023,1013.086357,1150.906592,737.449859,9338.197744,2064.985752,4398.451236,897.251225,27015.24679
1/25/2010 2:00,7259.21628,994.155717,1138.519991,738.686189,9248.394447,2024.906688,4367.257398,899.137091,26670.2738
1/25/2010 3:00,7230.079796,991.490778,1137.818246,738.807696,9357.787002,1986.372211,4401.556391,913.602445,26757.51457
1/25/2010 4:00,7285.827893,1020.180628,1157.866495,759.561176,9616.448154,1988.97518,4533.882439,935.320648,27298.06261
1/25/2010 5:00,7604.744932,1096.589621,1182.066253,778.731551,10125.81827,2100.511527,4810.282057,970.531511,28669.27572
1/25/2010 6:00,8346.833309,1219.583814,1249.069382,850.103668,11376.44076,2376.367587,5409.076331,1066.429866,31893.90471
1/25/2010 7:00,9441.735533,1436.647135,1336.388048,1034.393736,13411.1821,2870.603559,6374.267103,1202.189762,37107.40698
1/25/2010 8:00,9808.041915,1477.494684,1371.790309,1053.910847,14319.72488,2972.468033,6620.069553,1263.214018,38886.71424
1/25/2010 9:00,9492.4323,1410.139428,1313.712954,1019.779053,13660.58999,2858.418687,6226.154533,1203.519556,37184.7465
1/25/2010 10:00,9459.38938,1362.37811,1265.624498,976.472527,12869.73217,2627.302826,5828.409916,1120.339942,35509.64937
1/25/2010 11:00,9434.106591,1316.334733,1229.386975,946.324971,12157.76909,2511.979021,5503.400282,1069.540313,34168.84197
1/25/2010 12:00,9351.642567,1279.330136,1189.308148,901.491594,11618.11578,2391.484496,5255.031913,995.647856,32982.05249
1/25/2010 13:00,9205.053807,1238.015683,1173.290008,867.676897,11208.68634,2292.100037,5066.78534,945.813322,31997.42143
1/25/2010 14:00,9062.797028,1223.861831,1147.821251,845.235521,10931.02899,2266.273761,4937.445278,906.703568,31321.16723
1/25/2010 15:00,9043.429755,1233.930926,1120.295026,811.385683,10549.95056,2207.211234,4830.710024,886.858414,30683.77162
1/25/2010 16:00,8959.994484,1200.907745,1109.840669,786.961288,10331.51399,2184.501462,4772.121584,880.158046,30225.99927
1/25/2010 17:00,8896.0463,1431.266198,1130.524572,813.036733,10418.60538,2177.93112,4766.399767,899.130129,30532.9402
1/25/2010 18:00,9008.304869,1473.345833,1146.46113,879.637651,11018.85009,2214.217216,4908.746449,923.071535,31572.63478
1/25/2010 19:00,9587.068846,1627.359663,1207.811035,947.344594,12114.77389,2399.366093,5418.575446,1012.848687,34315.14826
1/25/2010 20:00,9520.193122,1505.706401,1262.191812,957.758464,12332.83226,2563.045737,5582.813959,1051.557105,34776.09886
1/25/2010 21:00,9163.681187,1450.290904,1286.826191,977.524114,12390.09852,2581.973198,5519.092689,1048.808468,34418.29528
1/25/2010 22:00,8801.494614,1408.121858,1270.330223,941.797497,11924.63563,2481.080818,5313.508892,1055.617606,33196.58714
1/25/2010 23:00,8169.009696,1293.462835,1221.915182,889.476447,11076.64149,2342.422083,4927.360499,1006.906595,30927.19483
1/26/2010 0:00,7625.441611,1220.53876,1178.637517,806.774267,10413.72705,2059.61684,4516.300977,958.369397,28779.40642
1/26/2010 1:00,7399.351693,1150.34327,1151.165905,746.836865,10013.32777,1984.221226,4319.127514,914.596069,27678.97032
1/26/2010 2:00,7224.537371,1137.549915,1148.95872,747.535726,9889.044721,1919.232937,4273.227476,924.482881,27264.56975
1/26/2010 3:00,7094.580197,1183.379806,1156.14725,748.354274,10038.2375,1902.492736,4310.727412,940.380586,27374.29976
1/26/2010 4:00,7130.69359,1194.937813,1177.287041,760.650364,10354.18784,1914.518417,4430.395156,968.707558,27931.37777
1/26/2010 5:00,7422.748871,1242.240306,1193.341137,785.560084,10869.22739,1987.371532,4699.348658,1010.201566,29210.03954
1/26/2010 6:00,8253.048354,1365.801459,1262.354116,854.008701,12045.25082,2194.272507,5311.831727,1099.814033,32386.38172
1/26/2010 7:00,9319.586079,1569.747262,1335.343207,996.964407,14016.15917,2550.766804,6271.702152,1227.418774,37287.68785
1/26/2010 8:00,9500.401037,1609.70228,1363.785298,1003.199873,14801.35186,2618.78422,6518.769742,1284.933788,38700.9281
1/26/2010 9:00,9307.316747,1525.720988,1282.371097,953.800587,13839.81067,2540.540835,6095.510012,1195.551662,36740.6226
1/26/2010 10:00,9181.909389,1451.597808,1237.770208,899.507871,12883.68878,2428.633409,5692.181941,1105.317667,34880.60708
1/26/2010 11:00,9176.171309,1388.072883,1208.057928,862.764664,12143.01113,2329.721079,5391.832853,1047.724549,33547.3564
1/26/2010 12:00,9103.746125,1326.458975,1169.207887,827.994839,11540.80679,2307.733828,5156.477323,976.660265,32409.08603
1/26/2010 13:00,8907.700619,1269.416382,1139.219394,798.185487,11118.87054,2305.190025,4990.775459,927.758824,31457.11673
1/26/2010 14:00,8811.569242,1312.663767,1119.526739,782.015078,10759.74539,2324.504873,4874.791759,885.383695,30870.20055
1/26/2010 15:00,8737.218205,1291.246921,1093.381442,759.556526,10421.28408,2322.493437,4792.313937,864.948242,30282.44279
1/26/2010 16:00,8732.817497,1360.419281,1073.587852,739.984847,10185.07215,2336.758682,4752.323871,853.434548,30034.39873
1/26/2010 17:00,8686.377279,1647.018177,1081.265274,739.344443,10213.45479,2336.541912,4751.822305,860.432769,30316.25695
1/26/2010 18:00,8835.425284,1747.496755,1104.710353,771.855895,10554.44511,2387.115319,4869.828022,884.346941,31155.22368
1/26/2010 19:00,9381.144657,1657.552412,1166.163769,850.09619,11789.18647,2555.918916,5329.828929,964.482231,33694.37357
1/26/2010 20:00,9448.395283,1578.228047,1215.019756,862.352334,12002.38397,2630.107877,5440.447269,996.613311,34173.54784
1/26/2010 21:00,9246.150572,1521.650549,1252.689457,886.584061,12075.79327,2606.170433,5374.968447,996.467957,33960.47474
1/26/2010 22:00,8829.670501,1498.656016,1233.8885,866.030882,11751.62162,2491.914408,5119.300581,978.429423,32769.51193
1/26/2010 23:00,8305.131251,1229.19341,1197.118527,821.63205,10923.1349,2325.814753,4690.269892,933.112526,30425.40731
1/27/2010 0:00,7765.888065,1154.006889,1148.372472,773.301043,10148.18493,2059.201869,4226.353611,874.061433,28149.37031
1/27/2010 1:00,7384.070653,1146.581013,1115.341334,725.75163,9635.568586,2000.697479,3930.322207,828.155917,26766.48882
1/27/2010 2:00,7194.27965,1163.501839,1102.69851,719.212274,9439.718425,1926.27813,3789.586678,817.043533,26152.31904
1/27/2010 3:00,7168.138335,1157.945232,1103.113578,716.882383,9359.05479,1873.733236,3715.631154,819.222839,25913.72155
1/27/2010 4:00,7170.035239,1154.848209,1116.960591,724.209154,9475.192893,1863.716324,3711.994618,824.591566,26041.54859
1/27/2010 5:00,7382.307083,1143.353538,1128.530301,742.383833,9747.087285,1894.521073,3833.723934,832.758575,26704.66562
1/27/2010 6:00,8067.675201,1347.307995,1168.488439,784.066238,10575.26892,2041.925182,4241.271375,888.571367,29114.57472
1/27/2010 7:00,8991.034825,1589.661163,1237.247136,895.980031,12123.55884,2357.407393,5000.117125,976.144265,33171.15078
1/27/2010 8:00,9123.165029,1605.902274,1252.38175,897.652427,12861.85831,2405.629874,5258.896228,1022.759308,34428.2452
1/27/2010 9:00,9021.50032,1405.998659,1197.579351,875.344444,12361.79079,2402.292525,5111.170994,999.272335,33374.94942
1/27/2010 10:00,9109.218156,1386.261236,1187.161802,846.820017,12093.66369,2381.443947,5086.424886,992.391202,33083.38494
1/27/2010 11:00,9273.91313,1373.222868,1179.99038,832.32209,11850.17134,2377.996535,5090.145182,989.712265,32967.47379
1/27/2010 12:00,9149.044658,1250.448787,1155.832937,817.864775,11587.92034,2394.265872,5046.507786,972.839792,32374.72495
1/27/2010 13:00,8952.17012,1214.241682,1132.316658,794.731901,11292.56028,2416.512013,4997.834524,960.112336,31760.47952
1/27/2010 14:00,8925.996321,1186.303183,1115.854809,774.508082,11012.25574,2408.022002,4923.809168,933.60815,31280.35746
1/27/2010 15:00,8876.390107,1125.14159,1092.094018,749.188622,10633.85203,2390.236138,4845.307155,910.705677,30622.91534
1/27/2010 16:00,8846.709371,1108.392525,1079.52021,740.490707,10390.17474,2375.435382,4804.968644,900.458656,30246.15023
1/27/2010 17:00,8810.945996,1393.586816,1095.796611,744.017169,10416.4129,2376.122607,4849.113559,912.961288,30598.95695
1/27/2010 18:00,8962.864165,1644.917926,1125.516863,766.749851,10760.45645,2458.399635,5062.010143,946.945839,31727.86087
1/27/2010 19:00,9427.405952,1266.400551,1170.348744,819.191945,11446.94263,2649.982954,5422.392067,1014.35046,33217.0153
1/27/2010 20:00,9323.746494,1253.127434,1192.67442,816.016871,11308.28078,2736.727417,5467.98567,1012.207416,33110.7665
1/27/2010 21:00,9066.764701,1211.445795,1203.290649,818.796813,11054.43176,2689.879509,5346.904854,998.360866,32389.87494
1/27/2010 22:00,8543.172539,1167.175801,1191.363708,796.310416,10737.75924,2575.755858,5074.746365,967.87176,31054.15568
1/27/2010 23:00,7939.726496,1077.982737,1150.440241,744.850695,9861.437185,2386.020292,4627.693315,905.54637,28693.69733
1/28/2010 0:00,7293.081274,991.5735,1112.546069,695.462962,8930.336474,2146.876733,4143.071674,834.311426,26147.26011
1/28/2010 1:00,6932.413591,1051.880507,1081.600399,715.961603,8333.011354,1876.558128,3826.057103,776.512119,24593.9948
1/28/2010 2:00,6734.192725,1052.678465,1062.005287,702.31376,8022.060316,1791.565079,3651.306873,757.499025,23773.62153
1/28/2010 3:00,6630.614375,1053.547745,1058.234322,699.934923,7870.305331,1750.397168,3566.791893,754.025886,23383.85164
1/28/2010 4:00,6810.532534,1022.47207,1063.2961,706.637483,7867.261203,1739.990164,3551.354672,755.831483,23517.37571
1/28/2010 5:00,7033.47818,1101.043182,1086.161479,731.773813,8194.870163,1779.012888,3652.709388,764.976868,24344.02596
1/28/2010 6:00,7667.547049,1479.704973,1128.097895,782.17175,9008.81027,1924.806894,4029.51881,819.298371,26839.95601
1/28/2010 7:00,8614.021204,1606.43377,1189.181828,935.32629,10566.61104,2227.206206,4761.546445,908.836037,30809.16282
1/28/2010 8:00,8873.158411,1648.888972,1206.953125,987.933032,11499.92839,2325.486753,5094.574911,964.20025,32601.12384
1/28/2010 9:00,8822.787019,1465.000309,1171.86301,962.445952,11304.01748,2327.855213,5061.732143,967.90744,32083.60857
1/28/2010 10:00,8947.053362,1401.90877,1172.35666,1072.652203,11330.42561,2354.156862,5103.224314,975.823275,32357.60106
1/28/2010 11:00,9133.004102,1371.008683,1197.263408,1075.450786,11396.75275,2379.30047,5149.211397,970.560879,32672.55247
1/28/2010 12:00,9146.38585,1205.719271,1215.379048,975.437409,11499.57271,2422.473781,5178.999286,957.244075,32601.21143
1/28/2010 13:00,9047.382413,1240.434521,1200.449263,977.171909,11560.41903,2468.126772,5130.438231,950.071418,32574.49355
1/28/2010 14:00,8968.087499,1258.612893,1210.445614,982.985524,11636.22609,2513.675039,5114.071284,936.876877,32620.98082
1/28/2010 15:00,9001.065547,1232.101626,1196.772464,986.668293,11414.11953,2562.048156,5032.354472,921.780365,32346.91046
1/28/2010 16:00,8993.317881,1223.267929,1203.945653,983.947906,11494.34934,2588.616155,5035.5542,924.544636,32447.5437
1/28/2010 17:00,9022.602585,1266.133665,1253.45061,983.670029,11842.58924,2615.651211,5075.489978,938.753291,32998.3406
1/28/2010 18:00,9282.151826,1315.281016,1317.682542,1011.177748,12353.49489,2638.030757,5193.525125,971.662665,34083.00657
1/28/2010 19:00,9610.87506,1375.451146,1359.046949,1057.821451,12870.35058,2704.203337,5479.41509,1050.190827,35507.35444
1/28/2010 20:00,9507.433787,1365.603179,1386.464766,1038.58206,12815.83278,2748.943713,5533.703314,1064.537653,35461.10125
1/28/2010 21:00,9255.530689,1422.234163,1390.584989,1036.430949,12612.74379,2707.010909,5378.428724,1057.167312,34860.13153
1/28/2010 22:00,8817.07717,1357.092382,1372.935723,995.141778,12207.7938,2562.15184,5087.744323,1028.049185,33427.9862
1/28/2010 23:00,8217.677858,1290.974582,1324.577956,925.760792,11405.31212,2388.525272,4653.724751,985.019508,31191.57284
1/29/2010 0:00,7666.719747,1228.60005,1274.569542,832.459293,10550.89569,2154.353536,4182.691731,935.031872,28825.32146
1/29/2010 1:00,7250.202758,1101.434748,1213.03061,802.60528,10048.28097,1993.689196,3849.467825,920.34514,27179.05653
1/29/2010 2:00,7006.896624,1084.491879,1209.407392,809.267209,9840.99553,1893.647627,3712.544719,916.48734,26473.73832
1/29/2010 3:00,6878.182615,1072.323647,1212.735539,817.328413,9851.389145,1818.819506,3648.618127,934.255727,26233.65272
1/29/2010 4:00,6830.480683,1078.139752,1213.249651,825.172328,10078.11605,1819.723903,3700.440541,951.418261,26496.74117
1/29/2010 5:00,6985.035837,1148.530455,1232.516532,847.930047,10576.85031,1848.991004,3859.738313,983.843428,27483.43592
1/29/2010 6:00,7600.606001,1561.399909,1298.882351,902.087234,11580.78897,1982.701054,4437.842774,1055.639144,30419.94744
1/29/2010 7:00,8365.040096,1760.70561,1372.28852,1029.231085,13443.96151,2299.935923,5400.345468,1209.738925,34881.24713
1/29/2010 8:00,8759.501413,1825.546828,1414.585588,1029.339952,14673.85181,2396.067605,5911.586903,1283.533425,37294.01353
1/29/2010 9:00,8947.939852,1514.254661,1359.041164,1019.808307,14580.06843,2426.312293,6003.901075,1293.066417,37144.3922
1/29/2010 10:00,9237.041228,1619.38514,1354.872554,1011.129397,14665.27593,2425.85457,6172.525527,1306.314227,37792.39857
1/29/2010 11:00,9357.080638,1612.731911,1349.992009,1020.770479,14849.82456,2430.28189,6265.152449,1324.358548,38210.19248
1/29/2010 12:00,9629.58697,1606.379166,1319.834176,1019.299665,14712.41685,2392.657142,6136.972464,1299.048452,38116.19489
1/29/2010 13:00,9727.083157,1604.315407,1282.449767,991.887344,14537.23017,2338.697164,5948.733274,1285.220584,37715.61686
1/29/2010 14:00,9783.598606,1657.220376,1284.385394,996.818126,14539.63181,2313.283321,5871.634668,1273.694849,37720.26715
1/29/2010 15:00,9892.516556,1710.670661,1256.122029,996.544699,14721.17711,2263.668232,5797.853121,1234.166468,37872.71887
1/29/2010 16:00,9973.64968,1872.778971,1234.640231,995.867397,14817.87831,2297.114643,5811.227848,1231.098795,38234.25588
1/29/2010 17:00,9966.532418,1924.482064,1254.504018,1032.621265,15342.84662,2287.513421,5920.808776,1258.305211,38987.61379
1/29/2010 18:00,10227.65228,1962.149514,1293.90989,1058.779687,16064.743,2324.910642,6262.862164,1296.836393,40491.84357
1/29/2010 19:00,10656.66377,1711.764384,1368.307079,1108.484215,16861.05904,2520.368954,6912.373788,1378.250255,42517.27148
1/29/2010 20:00,10651.27607,1746.293841,1413.75629,1084.570526,16831.33334,2630.031848,7114.758076,1401.019344,42873.03934
1/29/2010 21:00,10367.19588,1727.10357,1450.400739,1091.90472,16775.9687,2603.807715,7129.163724,1388.044872,42533.58992
1/29/2010 22:00,10013.80247,1687.072237,1451.87534,1083.818147,16448.46069,2529.098086,7047.2345,1381.466034,41642.82751
1/29/2010 23:00,9715.799084,1645.339902,1416.079883,1043.955507,15751.83136,2385.022681,6811.601313,1347.007131,40116.63686
1/30/2010 0:00,9107.49231,1520.261517,1389.889609,998.729364,15209.51336,2299.972482,6556.485171,1304.331638,38386.67545
1/30/2010 1:00,9048.515772,1524.027245,1327.985836,989.530286,14294.02881,2513.553245,6387.354878,1238.965366,37323.96144
1/30/2010 2:00,8901.6293,1457.38903,1319.062569,989.805173,14099.4366,2457.792107,6321.511537,1231.800547,36778.42686
1/30/2010 3:00,8783.696299,1451.606207,1317.396315,1004.177691,14116.81724,2427.070165,6298.608472,1246.128281,36645.50067
1/30/2010 4:00,8831.054287,1447.114922,1335.356882,1015.527362,14359.60451,2395.03338,6316.743162,1256.939576,36957.37408
1/30/2010 5:00,8932.386404,1475.306013,1342.06285,1012.830481,14566.0423,2512.446769,6420.170343,1278.818054,37540.06321
1/30/2010 6:00,9177.642641,1514.322651,1380.720442,1029.316322,15056.8813,2645.33739,6657.191489,1329.214471,38790.6267
1/30/2010 7:00,9680.317944,1559.228095,1373.951455,1041.399748,15497.91115,2992.64657,6980.324664,1377.379202,40503.15883
1/30/2010 8:00,10416.43747,1627.773472,1399.703566,1023.022153,15921.77241,3078.029176,7270.391587,1418.492088,42155.62192
1/30/2010 9:00,10776.79783,1720.009926,1373.314954,1077.721534,16547.80748,3246.472355,7385.657947,1428.855313,43556.63733
1/30/2010 10:00,11135.9421,1815.238931,1342.676065,1145.879614,17054.88615,3242.724585,7336.019376,1396.990689,44470.35751
1/30/2010 11:00,11201.30094,1810.294204,1323.956441,1138.218835,17122.99136,3084.240855,7048.911866,1352.019965,44081.93447
1/30/2010 12:00,11078.32125,1774.132584,1276.955589,1111.568578,16799.48057,2912.138143,6649.585515,1263.21494,42865.39717
1/30/2010 13:00,10690.3917,1853.923638,1235.623396,1086.456055,16260.61563,2749.604484,6237.45678,1187.444061,41301.51574
1/30/2010 14:00,10473.30523,1816.231928,1201.153272,1048.780845,15520.34325,2617.567341,5858.287696,1102.406368,39638.07593
1/30/2010 15:00,10164.40458,1809.187107,1181.679686,1011.860522,15078.15728,2552.184382,5527.377251,1060.195027,38385.04584
1/30/2010 16:00,10024.96627,1969.330214,1157.076338,1011.352698,15142.23099,2455.794233,5343.615966,1028.895324,38133.26203
1/30/2010 17:00,9997.23913,2253.264692,1164.101803,1038.499554,15182.79135,2524.00933,5326.096627,1021.780252,38507.78274
1/30/2010 18:00,10271.66809,2166.91493,1182.036089,1042.493074,15812.22696,2529.093628,5520.421046,1063.61932,39588.47314
1/30/2010 19:00,11163.64123,1988.744038,1211.267907,1055.552113,16379.11197,2820.134473,6192.294776,1141.892779,41952.63928
1/30/2010 20:00,11207.9504,1999.694106,1252.721149,1056.924028,16262.86977,2983.601304,6483.955687,1177.796169,42425.51261
1/30/2010 21:00,11103.56116,1950.971026,1277.426276,1056.643293,16089.36508,2991.02512,6587.644736,1184.325404,42240.9621
1/30/2010 22:00,10953.69273,1843.808519,1286.964611,1016.798572,15602.82812,3007.883238,6635.534586,1204.897595,41552.40797
1/30/2010 23:00,10386.2289,1626.739431,1255.147029,981.369128,15027.27118,2961.209957,6489.151094,1200.975973,39928.0927
1/31/2010 0:00,9854.742812,1568.618482,1230.616714,944.765756,14586.95417,2829.266029,6316.631113,1181.461559,38513.05664
1/31/2010 1:00,9290.306302,1504.071256,1240.785442,931.148589,14152.52916,2751.997584,6250.433604,1205.476744,37326.74868
1/31/2010 2:00,9148.828453,1479.93497,1226.842316,921.461126,13732.25445,2694.587143,6216.87188,1194.770358,36615.5507
1/31/2010 3:00,8986.770352,1451.99949,1213.242167,911.347709,13570.72707,2658.522314,6227.837316,1185.992262,36206.43868
1/31/2010 4:00,8990.086979,1447.390255,1217.154725,920.038283,13477.07881,2653.459635,6246.045626,1190.550595,36141.8049
1/31/2010 5:00,9070.23216,1444.973621,1222.7224,910.199107,13534.79464,2712.220754,6343.776417,1211.16035,36450.07944
1/31/2010 6:00,9285.766511,1502.835911,1235.48347,931.884716,13739.87756,2826.513477,6523.562093,1230.751959,37276.6757
1/31/2010 7:00,9548.804729,1599.983615,1249.632795,948.724239,14201.14108,2970.428324,6776.015282,1285.373933,38580.10399
1/31/2010 8:00,10015.00416,1686.188592,1275.106142,955.572098,14467.68062,3092.724989,7056.764084,1334.003053,39883.04374
1/31/2010 9:00,10192.43433,1738.882239,1287.828981,1037.330848,14994.18773,3205.811803,7365.626741,1397.921856,41220.02453
1/31/2010 10:00,10635.5001,1661.244494,1273.703209,1063.935482,15164.40839,3284.830033,7579.418572,1387.322884,42050.36316
1/31/2010 11:00,10732.3115,1611.66447,1266.750952,1039.140688,15158.80185,3191.974502,7627.784295,1356.276101,41984.70436
1/31/2010 12:00,10791.14573,1504.067508,1223.616183,1010.356483,14835.71173,2921.777489,7551.278942,1283.753072,41121.70714
1/31/2010 13:00,10404.97705,1451.222672,1202.301667,987.65538,14654.39314,2817.560605,7451.427708,1226.349557,40195.88778
1/31/2010 14:00,10071.1229,1419.196186,1184.057698,971.565946,14369.95047,2704.475864,7292.404249,1166.852065,39179.62538
1/31/2010 15:00,9733.325067,1377.827369,1178.968288,949.474393,13986.42072,2691.264667,7114.311882,1120.158886,38151.75127
1/31/2010 16:00,9565.608767,1343.703765,1155.401542,905.829704,13797.83832,2663.435094,6970.47209,1087.702843,37489.99213
1/31/2010 17:00,9668.010475,1346.972051,1154.223672,908.425401,13719.08159,2715.042994,6958.26474,1070.57219,37540.59311
1/31/2010 18:00,9986.675583,1375.297689,1167.736335,934.065287,14157.71781,2786.405318,7192.419253,1103.836054,38704.15333
1/31/2010 19:00,10706.53526,1508.530842,1244.850588,995.16748,15156.20688,3073.107273,7726.093431,1217.396682,41627.88843
1/31/2010 20:00,10964.2634,1579.116024,1304.779083,1005.865367,15452.09719,3225.337089,7883.465156,1272.316985,42687.2403
1/31/2010 21:00,10880.25452,1629.343226,1331.749569,1019.395707,15408.76281,3331.361204,7789.881911,1274.800987,42665.54994
1/31/2010 22:00,10807.31714,1586.699602,1326.744808,995.593588,14842.7249,3261.727687,7509.951849,1274.099933,41604.8595
1/31/2010 23:00,10134.85276,1519.238627,1295.901094,940.928341,14089.78214,3112.202758,7073.187103,1249.334876,39415.4277
